,time,temp,humi,pres
0,2026-01-24 20:23:02,28.6,74,1016.747
1,2026-01-24 20:28:02,28.5,74,1016.802
2,2026-01-24 20:33:02,28.6,74,1016.859
3,2026-01-24 20:38:02,28.5,74,1016.934
4,2026-01-24 20:43:02,28.6,74,1016.971
5,2026-01-24 20:48:02,28.9,74,1017.078
6,2026-01-24 20:53:02,28.7,74,1017.151
7,2026-01-24 20:58:02,28.5,74,1017.206
8,2026-01-24 21:03:02,28.5,75,1017.296
9,2026-01-24 21:08:02,28.5,75,1017.32
10,2026-01-24 21:13:02,28.5,75,1017.393
11,2026-01-24 21:18:02,28.6,75,1017.423
12,2026-01-24 21:23:02,28.5,75,1017.447
13,2026-01-24 21:28:02,28.5,75,1017.515
14,2026-01-24 21:33:02,28.5,75,1017.554
15,2026-01-24 21:38:02,28.5,75,1017.522
16,2026-01-24 21:43:02,28.5,75,1017.663
17,2026-01-24 21:48:02,28.5,75,1017.697
18,2026-01-24 21:53:02,28.5,75,1017.771
19,2026-01-24 21:58:02,28.5,75,1017.851
20,2026-01-24 22:03:02,28.7,75,1017.844
21,2026-01-24 22:08:02,28.9,75,1017.779
22,2026-01-24 22:13:02,28.9,75,1017.747
23,2026-01-24 22:18:02,28.9,75,1017.824
24,2026-01-24 22:23:02,29.0,75,1017.952
25,2026-01-24 22:28:02,28.9,75,1017.948
26,2026-01-24 22:33:02,28.9,75,1017.873
27,2026-01-24 22:38:02,28.9,75,1017.871
28,2026-01-24 22:48:02,28.8,75,1017.861
29,2026-01-24 22:53:02,28.9,75,1017.849
30,2026-01-24 22:58:02,28.9,75,1017.856
31,2026-01-24 23:03:02,28.9,75,1017.827
32,2026-01-24 23:08:02,28.9,75,1017.77
33,2026-01-24 23:13:02,28.9,75,1017.81
34,2026-01-24 23:18:02,28.8,75,1017.79
35,2026-01-24 23:23:02,28.6,76,1017.782
36,2026-01-24 23:28:02,28.9,75,1017.744
37,2026-01-24 23:33:02,29.0,75,1017.726
38,2026-01-24 23:38:02,29.0,75,1017.715
39,2026-01-24 23:43:02,29.0,75,1017.702
40,2026-01-24 23:48:02,29.0,75,1017.707
41,2026-01-24 23:53:02,29.0,75,1017.594
42,2026-01-24 23:58:02,29.0,75,1017.636
43,2026-01-25 00:03:02,29.0,76,1017.597
44,2026-01-25 00:08:02,29.0,76,1017.546
45,2026-01-25 00:13:02,29.0,76,1017.466
46,2026-01-25 00:18:02,29.0,76,1017.439
47,2026-01-25 00:23:02,29.0,76,1017.422
48,2026-01-25 00:28:02,29.0,76,1017.436
49,2026-01-25 00:33:02,29.0,76,1017.429
50,2026-01-25 00:38:02,28.9,76,1017.363
51,2026-01-25 00:43:02,29.0,76,1017.342
52,2026-01-25 00:48:02,29.0,76,1017.367
53,2026-01-25 00:53:02,28.9,76,1017.333
54,2026-01-25 00:58:02,28.9,76,1017.306
55,2026-01-25 01:03:02,28.9,76,1017.279
56,2026-01-25 01:08:02,28.9,76,1017.314
57,2026-01-25 01:13:02,28.9,76,1017.21
58,2026-01-25 01:18:02,29.0,76,1017.171
59,2026-01-25 01:23:02,29.0,76,1017.17
60,2026-01-25 01:28:02,28.9,76,1017.128
61,2026-01-25 01:33:02,28.9,76,1017.103
62,2026-01-25 01:38:02,28.9,76,1017.03
63,2026-01-25 01:43:02,28.9,76,1016.998
64,2026-01-25 01:48:02,28.9,76,1016.907
65,2026-01-25 01:53:02,28.9,76,1016.894
66,2026-01-25 01:58:02,28.9,76,1016.871
67,2026-01-25 02:03:02,28.9,76,1016.737
68,2026-01-25 02:08:02,28.9,76,1016.595
69,2026-01-25 02:13:02,28.9,76,1016.554
70,2026-01-25 02:18:02,28.9,76,1016.614
71,2026-01-25 02:23:02,28.9,77,1016.605
72,2026-01-25 02:28:02,28.9,77,1016.655
73,2026-01-25 02:33:02,28.9,76,1016.647
74,2026-01-25 02:38:02,28.9,77,1016.581
75,2026-01-25 02:43:02,28.9,76,1016.608
76,2026-01-25 02:48:02,28.8,77,1016.506
77,2026-01-25 02:53:02,28.8,77,1016.482
78,2026-01-25 02:58:02,28.9,77,1016.463
79,2026-01-25 03:03:02,28.8,77,1016.435
80,2026-01-25 03:08:02,28.7,77,1016.347
81,2026-01-25 03:13:02,28.8,77,1016.399
82,2026-01-25 03:18:02,28.7,77,1016.323
83,2026-01-25 03:23:02,28.8,76,1016.26
84,2026-01-25 03:28:02,28.7,77,1016.222
85,2026-01-25 03:33:02,28.7,77,1016.148
86,2026-01-25 03:38:02,28.7,76,1016.156
87,2026-01-25 03:43:02,28.7,77,1016.161
88,2026-01-25 03:48:02,28.7,77,1016.183
89,2026-01-25 03:53:02,28.7,77,1016.13
90,2026-01-25 03:58:02,28.7,77,1016.096
91,2026-01-25 04:03:02,28.7,77,1016.062
92,2026-01-25 04:08:02,28.7,77,1016.062
93,2026-01-25 04:13:02,28.6,77,1016.027
94,2026-01-25 04:18:02,28.7,77,1016.04
95,2026-01-25 04:23:02,28.7,77,1016.071
96,2026-01-25 04:28:02,28.6,77,1016.112
97,2026-01-25 04:33:02,28.7,77,1016.036
98,2026-01-25 04:38:02,28.6,77,1015.97
99,2026-01-25 04:43:02,28.6,77,1016.019
100,2026-01-25 04:48:02,28.7,76,1016.025
101,2026-01-25 04:53:02,28.6,76,1016.011
102,2026-01-25 04:58:02,28.6,76,1016.027
103,2026-01-25 05:03:02,28.6,76,1015.964
104,2026-01-25 05:08:02,28.5,77,1016.032
105,2026-01-25 05:13:02,28.5,76,1015.999
106,2026-01-25 05:18:02,28.5,76,1016.024
107,2026-01-25 05:23:02,28.5,76,1016.078
108,2026-01-25 05:28:02,28.5,76,1016.131
109,2026-01-25 05:33:02,28.5,76,1016.133
110,2026-01-25 05:38:02,28.5,76,1016.195
111,2026-01-25 05:43:02,28.5,76,1016.232
112,2026-01-25 05:48:02,28.5,76,1016.3
113,2026-01-25 05:53:02,28.5,76,1016.336
114,2026-01-25 06:03:02,28.5,76,1016.338
115,2026-01-25 06:13:02,28.4,76,1016.354
116,2026-01-25 06:18:02,28.4,76,1016.363
117,2026-01-25 06:23:02,28.4,76,1016.425
118,2026-01-25 06:28:02,28.4,75,1016.557
119,2026-01-25 06:33:02,28.3,76,1016.663
120,2026-01-25 06:38:02,28.4,75,1016.672
121,2026-01-25 06:43:02,28.7,74,1016.653
122,2026-01-25 06:48:02,28.6,74,1016.701
123,2026-01-25 06:53:02,28.9,74,1016.787
124,2026-01-25 06:58:02,29.0,73,1016.879
125,2026-01-25 07:03:02,29.1,73,1016.864
126,2026-01-25 07:08:02,29.1,73,1016.904
127,2026-01-25 07:13:02,29.0,73,1016.929
128,2026-01-25 07:18:02,29.0,73,1016.959
129,2026-01-25 07:23:02,29.0,73,1017.043
130,2026-01-25 07:28:02,29.0,73,1017.0
131,2026-01-25 07:33:02,29.0,73,1017.018
132,2026-01-25 07:38:02,28.9,73,1017.07
133,2026-01-25 07:43:02,28.7,74,1017.186
134,2026-01-25 07:48:02,28.5,75,1017.127
135,2026-01-25 07:53:02,28.3,75,1017.162
136,2026-01-25 07:58:02,28.3,75,1017.216
137,2026-01-25 08:03:02,28.3,75,1017.252
138,2026-01-25 08:08:02,28.0,76,1017.335
139,2026-01-25 08:13:02,28.1,76,1017.428
140,2026-01-25 08:18:02,28.0,76,1017.469
141,2026-01-25 08:23:02,28.0,76,1017.515
142,2026-01-25 08:28:02,28.1,75,1017.612
143,2026-01-25 08:33:02,28.1,76,1017.64
144,2026-01-25 08:38:02,28.0,76,1017.743
145,2026-01-25 08:43:02,27.7,77,1017.889
146,2026-01-25 08:48:02,27.8,77,1017.97
147,2026-01-25 08:53:02,27.8,77,1018.072
148,2026-01-25 08:58:02,27.9,76,1018.11
149,2026-01-25 09:03:02,27.8,77,1018.098
150,2026-01-25 09:08:02,27.8,77,1018.146
151,2026-01-25 09:13:02,27.9,77,1018.163
152,2026-01-25 09:18:02,27.7,77,1018.241
153,2026-01-25 09:23:02,27.7,77,1018.29
154,2026-01-25 09:28:02,27.8,77,1018.341
155,2026-01-25 09:33:02,27.9,77,1018.365
156,2026-01-25 09:38:02,28.3,77,1018.396
157,2026-01-25 09:43:02,28.3,76,1018.428
158,2026-01-25 09:48:02,28.3,76,1018.508
159,2026-01-25 09:53:02,28.5,75,1018.517
160,2026-01-25 09:58:02,28.3,75,1018.512
161,2026-01-25 10:03:02,28.1,76,1018.564
162,2026-01-25 10:08:02,28.3,76,1018.582
163,2026-01-25 10:13:02,28.6,75,1018.602
164,2026-01-25 10:18:02,28.6,75,1018.595
165,2026-01-25 10:23:02,28.7,75,1018.525
166,2026-01-25 10:28:02,28.6,75,1018.474
167,2026-01-25 10:33:02,28.7,74,1018.483
168,2026-01-25 10:38:02,28.7,75,1018.46
169,2026-01-25 10:43:02,28.7,74,1018.404
170,2026-01-25 10:48:02,28.9,73,1018.368
171,2026-01-25 10:53:02,28.9,73,1018.313
172,2026-01-25 10:58:02,28.9,73,1018.224
173,2026-01-25 11:03:02,29.0,72,1018.203
174,2026-01-25 11:08:02,29.1,72,1018.284
175,2026-01-25 11:13:02,29.1,72,1018.254
176,2026-01-25 11:18:02,29.3,71,1018.199
177,2026-01-25 11:23:02,29.4,69,1018.227
178,2026-01-25 11:28:02,29.5,69,1018.211
179,2026-01-25 11:33:02,29.7,68,1018.16
180,2026-01-25 11:38:02,29.5,69,1018.1
181,2026-01-25 11:43:02,29.3,69,1018.097
182,2026-01-25 11:48:02,29.2,70,1018.068
183,2026-01-25 11:53:02,29.3,70,1017.929
184,2026-01-25 11:58:02,29.2,70,1017.857
185,2026-01-25 12:03:02,29.2,69,1017.757
186,2026-01-25 12:08:02,29.3,69,1017.717
187,2026-01-25 12:13:02,29.6,68,1017.707
188,2026-01-25 12:18:02,29.5,68,1017.613
189,2026-01-25 12:23:02,29.6,68,1017.582
190,2026-01-25 12:28:02,29.7,69,1017.582
191,2026-01-25 12:33:02,29.7,68,1017.56
192,2026-01-25 12:38:02,29.7,68,1017.383
193,2026-01-25 12:43:02,30.3,68,1017.377
194,2026-01-25 12:48:02,30.9,66,1017.357
195,2026-01-25 12:53:02,30.5,67,1017.386
196,2026-01-25 12:58:02,30.3,68,1017.356
197,2026-01-25 13:03:02,30.2,68,1017.242
198,2026-01-25 13:08:02,30.3,67,1017.28
199,2026-01-25 13:13:02,30.4,67,1017.136
200,2026-01-25 13:18:02,30.5,66,1017.097
201,2026-01-25 13:23:02,30.5,66,1017.075
202,2026-01-25 13:28:02,30.5,66,1017.007
203,2026-01-25 13:33:02,30.6,66,1016.952
204,2026-01-25 13:38:02,30.6,65,1016.919
205,2026-01-25 13:43:02,30.8,64,1016.898
206,2026-01-25 13:48:02,30.7,64,1016.88
207,2026-01-25 13:53:02,30.6,64,1016.75
208,2026-01-25 13:58:02,30.6,64,1016.72
209,2026-01-25 14:03:02,30.6,64,1016.587
210,2026-01-25 14:08:02,30.5,64,1016.586
211,2026-01-25 14:13:02,30.4,64,1016.391
212,2026-01-25 14:18:02,30.3,65,1016.355
213,2026-01-25 14:23:02,30.2,66,1016.299
214,2026-01-25 14:28:02,30.2,66,1016.124
215,2026-01-25 14:33:02,30.0,66,1016.043
216,2026-01-25 14:38:02,30.0,67,1015.942
217,2026-01-25 14:43:02,30.3,66,1015.908
218,2026-01-25 14:48:02,30.3,67,1015.727
219,2026-01-25 14:53:02,30.3,67,1015.718
220,2026-01-25 14:58:02,30.3,67,1015.633
221,2026-01-25 15:03:02,30.4,67,1015.618
222,2026-01-25 15:08:02,30.4,67,1015.58
223,2026-01-25 15:13:02,30.3,67,1015.616
224,2026-01-25 15:18:02,30.3,67,1015.503
225,2026-01-25 15:23:02,30.2,67,1015.438
226,2026-01-25 15:28:02,30.2,67,1015.397
227,2026-01-25 15:33:02,30.4,66,1015.41
228,2026-01-25 15:38:02,30.5,66,1015.317
229,2026-01-25 15:43:02,30.5,67,1015.374
230,2026-01-25 15:48:02,30.1,68,1015.279
231,2026-01-25 15:53:02,29.9,68,1015.201
232,2026-01-25 15:58:02,30.0,68,1015.249
233,2026-01-25 16:03:02,30.1,68,1015.243
234,2026-01-25 16:08:02,30.4,67,1015.131
235,2026-01-25 16:13:02,30.3,67,1015.207
236,2026-01-25 16:18:02,30.5,67,1015.138
237,2026-01-25 16:23:02,30.6,67,1015.087
238,2026-01-25 16:28:02,30.7,66,1015.065
239,2026-01-25 16:33:02,30.7,66,1015.139
240,2026-01-25 16:38:02,30.8,66,1015.132
241,2026-01-25 16:43:02,30.6,66,1015.237
242,2026-01-25 16:48:02,30.7,66,1015.212
243,2026-01-25 16:53:02,30.7,66,1015.239
244,2026-01-25 16:58:02,30.9,65,1015.198
245,2026-01-25 17:03:02,31.1,64,1015.286
246,2026-01-25 17:08:02,31.2,64,1015.251
247,2026-01-25 17:13:02,31.1,63,1015.321
248,2026-01-25 17:18:02,30.8,64,1015.332
249,2026-01-25 17:23:02,30.5,66,1015.336
250,2026-01-25 17:28:02,30.5,67,1015.319
251,2026-01-25 17:33:02,30.5,66,1015.302
252,2026-01-25 17:38:02,30.5,66,1015.394
253,2026-01-25 17:43:02,30.6,66,1015.498
254,2026-01-25 17:48:02,30.6,66,1015.592
255,2026-01-25 17:53:02,30.6,67,1015.657
256,2026-01-25 17:58:02,30.6,67,1015.574
257,2026-01-25 18:03:02,30.7,66,1015.576
258,2026-01-25 18:08:02,30.7,66,1015.664
259,2026-01-25 18:13:02,30.6,66,1015.726
260,2026-01-25 18:18:02,30.6,67,1015.748
261,2026-01-25 18:23:02,30.8,67,1015.799
262,2026-01-25 18:28:02,30.8,67,1015.854
263,2026-01-25 18:33:02,30.7,67,1015.822
264,2026-01-25 18:38:02,30.6,67,1015.75
265,2026-01-25 18:43:02,30.6,68,1015.827
266,2026-01-25 18:48:02,30.5,68,1015.877
267,2026-01-25 18:53:02,30.5,68,1015.965
268,2026-01-25 18:58:02,30.5,68,1016.06
269,2026-01-25 19:03:02,30.5,68,1016.111
270,2026-01-25 19:08:02,30.5,68,1016.185
271,2026-01-25 19:13:02,30.5,68,1016.172
272,2026-01-25 19:18:02,30.5,68,1016.306
273,2026-01-25 19:23:02,30.5,68,1016.382
274,2026-01-25 19:28:02,30.5,69,1016.548
275,2026-01-25 19:33:02,30.5,69,1016.545
276,2026-01-25 19:38:02,30.5,68,1016.535
277,2026-01-25 19:43:02,30.5,68,1016.54
278,2026-01-25 19:48:02,30.4,69,1016.542
279,2026-01-25 19:53:02,30.4,69,1016.576
280,2026-01-25 19:58:02,30.4,69,1016.636
281,2026-01-25 20:03:02,30.4,69,1016.766
282,2026-01-25 20:08:02,30.4,69,1016.773
283,2026-01-25 20:13:02,30.4,69,1016.806
284,2026-01-25 20:18:02,30.3,70,1016.836
285,2026-01-25 20:23:02,30.4,70,1016.942
286,2026-01-25 20:28:02,30.4,70,1017.018
287,2026-01-25 20:33:02,30.3,70,1017.119
288,2026-01-25 20:38:02,30.3,70,1017.189
289,2026-01-25 20:43:02,30.3,70,1017.237
290,2026-01-25 20:48:02,30.1,70,1017.305
291,2026-01-25 20:53:02,30.3,70,1017.395
292,2026-01-25 20:58:02,30.3,71,1017.402
293,2026-01-25 21:03:02,30.3,71,1017.548
294,2026-01-25 21:08:02,30.1,71,1017.567
295,2026-01-25 21:13:02,30.3,71,1017.57
296,2026-01-25 21:18:02,30.3,71,1017.67
297,2026-01-25 21:23:02,30.2,71,1017.748
298,2026-01-25 21:28:02,30.0,71,1017.772
299,2026-01-25 21:33:02,30.0,71,1017.821
300,2026-01-25 21:38:02,30.1,70,1017.905
301,2026-01-25 21:43:02,30.1,71,1017.955
302,2026-01-25 21:48:02,30.0,71,1018.07
303,2026-01-25 21:53:02,30.0,71,1018.177
304,2026-01-25 21:58:02,30.1,71,1018.264
305,2026-01-25 22:03:02,30.0,71,1018.222
306,2026-01-25 22:08:02,30.0,70,1018.26
307,2026-01-25 22:13:02,30.0,71,1018.245
308,2026-01-25 22:18:02,30.1,70,1018.261
309,2026-01-25 22:23:02,29.9,71,1018.24
310,2026-01-25 22:28:02,30.0,71,1018.315
311,2026-01-25 22:33:02,30.0,71,1018.252
312,2026-01-25 22:38:02,30.1,70,1018.178
313,2026-01-25 22:43:02,30.1,70,1018.164
314,2026-01-25 22:48:02,30.0,70,1018.274
315,2026-01-25 22:53:02,30.1,71,1018.261
316,2026-01-25 22:58:02,30.1,71,1018.227
317,2026-01-25 23:03:02,30.1,71,1018.217
318,2026-01-25 23:08:02,30.1,71,1018.159
319,2026-01-25 23:13:02,30.1,71,1018.135
320,2026-01-25 23:18:02,30.1,71,1018.166
321,2026-01-25 23:23:02,30.1,71,1018.182
322,2026-01-25 23:28:02,30.2,71,1018.122
323,2026-01-25 23:33:02,30.1,71,1018.095
324,2026-01-25 23:38:02,30.1,71,1018.009
325,2026-01-25 23:43:02,30.1,71,1018.025
326,2026-01-25 23:48:02,29.9,71,1017.987
327,2026-01-25 23:53:02,29.7,71,1018.017
328,2026-01-25 23:58:02,29.3,72,1017.901
329,2026-01-26 00:03:02,29.2,72,1017.844
330,2026-01-26 00:08:02,29.2,72,1017.807
331,2026-01-26 00:13:02,29.2,72,1017.765
332,2026-01-26 00:18:02,29.2,73,1017.636
333,2026-01-26 00:23:02,29.8,71,1017.582
334,2026-01-26 00:28:02,29.9,71,1017.585
335,2026-01-26 00:33:02,29.9,71,1017.572
336,2026-01-26 00:38:02,29.8,71,1017.499
337,2026-01-26 00:43:02,29.7,71,1017.42
338,2026-01-26 00:48:02,29.9,71,1017.405
339,2026-01-26 00:53:02,29.9,70,1017.324
340,2026-01-26 00:58:02,29.9,71,1017.298
341,2026-01-26 01:03:02,29.9,70,1017.238
342,2026-01-26 01:08:02,29.9,70,1017.239
343,2026-01-26 01:13:02,29.8,71,1017.292
344,2026-01-26 01:18:02,29.8,71,1017.183
345,2026-01-26 01:23:02,29.7,71,1017.191
346,2026-01-26 01:28:02,29.8,71,1017.046
347,2026-01-26 01:33:02,29.8,71,1017.035
348,2026-01-26 01:38:02,29.7,71,1017.046
349,2026-01-26 01:43:02,29.8,71,1016.974
350,2026-01-26 01:48:02,29.9,71,1016.941
351,2026-01-26 01:53:02,29.9,71,1016.957
352,2026-01-26 01:58:02,29.7,71,1016.87
353,2026-01-26 02:03:02,30.0,70,1016.873
354,2026-01-26 02:08:02,30.0,70,1016.833
355,2026-01-26 02:13:02,29.9,70,1016.82
356,2026-01-26 02:18:02,30.0,70,1016.768
357,2026-01-26 02:23:02,29.8,70,1016.661
358,2026-01-26 02:28:02,29.7,71,1016.652
359,2026-01-26 02:33:02,29.7,71,1016.636
360,2026-01-26 02:38:02,29.7,71,1016.658
361,2026-01-26 02:43:02,29.7,71,1016.617
362,2026-01-26 02:48:02,29.7,71,1016.494
363,2026-01-26 02:53:02,29.7,71,1016.486
364,2026-01-26 02:58:02,29.7,71,1016.39
365,2026-01-26 03:03:02,29.6,71,1016.322
366,2026-01-26 03:08:02,29.6,71,1016.297
367,2026-01-26 03:13:02,29.6,71,1016.289
368,2026-01-26 03:18:02,29.6,71,1016.346
369,2026-01-26 03:23:02,29.6,71,1016.296
370,2026-01-26 03:28:02,29.7,71,1016.247
371,2026-01-26 03:33:02,29.6,71,1016.185
372,2026-01-26 03:38:02,29.5,71,1016.078
373,2026-01-26 03:43:02,29.5,71,1016.051
374,2026-01-26 03:48:02,29.5,71,1015.959
375,2026-01-26 03:53:02,29.5,71,1016.016
376,2026-01-26 03:58:02,29.5,71,1016.012
377,2026-01-26 04:03:02,29.5,71,1016.023
378,2026-01-26 04:08:02,29.5,71,1015.993
379,2026-01-26 04:13:02,29.5,71,1016.017
380,2026-01-26 04:18:02,29.5,72,1015.996
381,2026-01-26 04:23:02,29.5,72,1015.918
382,2026-01-26 04:28:02,29.5,72,1016.0
383,2026-01-26 04:33:02,29.5,72,1015.986
384,2026-01-26 04:38:02,29.5,72,1016.079
385,2026-01-26 04:43:02,29.5,72,1016.009
386,2026-01-26 04:48:02,29.4,72,1016.051
387,2026-01-26 04:53:02,29.4,72,1016.119
388,2026-01-26 04:58:02,29.4,72,1016.104
389,2026-01-26 05:03:02,29.4,72,1016.174
390,2026-01-26 05:08:02,29.4,72,1016.169
391,2026-01-26 05:13:02,29.4,72,1016.27
392,2026-01-26 05:18:02,29.4,72,1016.278
393,2026-01-26 05:23:02,29.3,72,1016.338
394,2026-01-26 05:28:02,29.3,72,1016.289
395,2026-01-26 05:33:02,29.3,72,1016.3
396,2026-01-26 05:38:02,29.4,72,1016.264
397,2026-01-26 05:43:02,29.4,72,1016.296
398,2026-01-26 05:48:02,29.3,72,1016.332
399,2026-01-26 05:53:02,29.3,73,1016.333
400,2026-01-26 05:58:02,29.3,73,1016.323
401,2026-01-26 06:03:02,29.2,73,1016.355
402,2026-01-26 06:08:02,29.2,73,1016.351
403,2026-01-26 06:13:02,29.3,73,1016.403
404,2026-01-26 06:18:02,29.3,72,1016.408
405,2026-01-26 06:23:02,29.1,72,1016.394
406,2026-01-26 06:28:02,29.2,72,1016.382
407,2026-01-26 06:33:02,29.2,72,1016.419
408,2026-01-26 06:38:02,29.1,72,1016.511
409,2026-01-26 06:43:02,29.1,72,1016.564
410,2026-01-26 06:48:02,29.1,72,1016.574
411,2026-01-26 06:53:02,29.0,72,1016.649
412,2026-01-26 06:58:02,29.0,72,1016.692
413,2026-01-26 07:03:02,29.0,72,1016.706
414,2026-01-26 07:08:02,28.9,72,1016.773
415,2026-01-26 07:13:02,28.9,72,1016.74
416,2026-01-26 07:18:02,28.9,72,1016.83
417,2026-01-26 07:23:02,28.8,73,1016.865
418,2026-01-26 07:28:02,28.9,73,1016.938
419,2026-01-26 07:33:02,28.9,72,1017.034
420,2026-01-26 07:38:02,28.9,72,1017.17
421,2026-01-26 07:43:02,28.9,72,1017.215
422,2026-01-26 07:48:02,28.9,73,1017.296
423,2026-01-26 07:53:02,28.9,73,1017.402
424,2026-01-26 07:58:02,28.9,73,1017.519
425,2026-01-26 08:03:02,28.8,73,1017.466
426,2026-01-26 08:08:02,28.8,73,1017.592
427,2026-01-26 08:13:02,28.9,73,1017.744
428,2026-01-26 08:18:02,28.8,73,1017.813
429,2026-01-26 08:23:02,28.7,73,1017.893
430,2026-01-26 08:28:02,28.8,73,1017.994
431,2026-01-26 08:33:02,28.9,73,1018.124
432,2026-01-26 08:38:02,28.7,73,1018.234
433,2026-01-26 08:43:02,28.9,73,1018.28
434,2026-01-26 08:48:02,28.9,73,1018.344
435,2026-01-26 08:53:02,28.9,73,1018.474
436,2026-01-26 08:58:02,28.9,73,1018.501
437,2026-01-26 09:03:02,28.9,73,1018.522
438,2026-01-26 09:08:02,28.9,73,1018.544
439,2026-01-26 09:13:02,28.9,73,1018.572
440,2026-01-26 09:18:02,29.0,73,1018.616
441,2026-01-26 09:23:02,29.0,73,1018.635
442,2026-01-26 09:28:02,29.0,72,1018.725
443,2026-01-26 09:33:02,29.0,72,1018.684
444,2026-01-26 09:38:02,29.0,72,1018.712
445,2026-01-26 09:43:02,29.1,72,1018.764
446,2026-01-26 09:48:02,29.2,72,1018.762
447,2026-01-26 09:53:02,29.3,72,1018.695
448,2026-01-26 09:58:02,29.2,72,1018.688
449,2026-01-26 10:03:02,29.2,71,1018.642
450,2026-01-26 10:08:02,29.3,70,1018.637
451,2026-01-26 10:13:02,29.2,70,1018.633
452,2026-01-26 10:18:02,29.2,70,1018.649
453,2026-01-26 10:23:02,29.2,70,1018.627
454,2026-01-26 10:28:02,29.2,69,1018.629
455,2026-01-26 10:33:02,29.1,68,1018.623
456,2026-01-26 10:38:02,29.2,68,1018.642
457,2026-01-26 10:43:02,29.2,68,1018.648
458,2026-01-26 19:30:29,39.4,46,1016.321
459,2026-01-26 19:30:53,39.0,46,1016.318
460,2026-01-26 19:35:01,39.2,46,1016.344
461,2026-01-26 19:35:40,39.8,45,1016.347
462,2026-01-26 19:39:22,39.3,46,1016.413
463,2026-01-26 19:44:22,39.8,46,1016.415
464,2026-01-26 19:49:22,39.1,47,1016.5
465,2026-01-26 19:54:22,39.1,47,1016.617
466,2026-01-26 19:59:22,39.6,46,1016.606
467,2026-01-26 20:04:22,39.8,46,1016.649
468,2026-01-26 20:09:22,39.9,46,1016.73
469,2026-01-26 20:14:22,39.9,47,1016.806
470,2026-01-26 20:19:22,39.7,47,1016.845
471,2026-01-26 20:24:22,39.8,47,1016.861
472,2026-01-26 20:29:22,39.8,47,1016.961
473,2026-01-26 20:34:22,39.9,47,1017.055
474,2026-01-26 20:39:22,39.9,47,1017.052
475,2026-01-26 20:44:22,40.0,47,1017.198
476,2026-01-26 20:49:22,39.9,47,1017.219
477,2026-01-26 20:54:22,39.9,47,1017.34
478,2026-01-26 20:59:22,39.9,47,1017.312
479,2026-01-26 21:04:22,39.9,47,1017.377
480,2026-01-26 21:09:22,39.9,47,1017.529
481,2026-01-26 21:14:22,39.9,48,1017.553
482,2026-01-26 21:19:22,39.8,48,1017.651
483,2026-01-26 21:24:22,40.0,48,1017.699
484,2026-01-26 21:29:22,39.9,48,1017.772
485,2026-01-26 21:34:22,40.0,48,1017.791
486,2026-01-26 21:39:22,40.0,48,1017.864
487,2026-01-26 21:44:22,39.9,48,1017.95
488,2026-01-26 21:49:22,40.0,48,1017.99
489,2026-01-26 21:54:22,40.0,48,1018.134
490,2026-01-26 21:59:22,40.1,48,1018.159
491,2026-01-26 22:04:22,40.0,48,1018.134
492,2026-01-26 22:09:22,40.0,48,1018.199
493,2026-01-26 22:14:22,40.0,48,1018.23
494,2026-01-26 22:19:22,40.0,48,1018.305
495,2026-01-26 22:24:22,39.9,48,1018.237
496,2026-01-26 22:29:22,39.9,48,1018.262
497,2026-01-26 22:34:22,39.9,48,1018.25
498,2026-01-26 22:39:22,40.0,48,1018.147
499,2026-01-26 22:44:22,39.9,48,1018.158
500,2026-01-26 22:49:22,39.9,48,1018.142
501,2026-01-26 22:54:22,39.9,48,1018.254
502,2026-01-26 23:04:22,39.9,48,1018.196
503,2026-01-26 23:09:22,39.9,48,1018.228
504,2026-01-26 23:19:22,39.7,48,1018.269
505,2026-01-26 23:24:22,39.8,48,1018.304
506,2026-01-26 23:29:22,39.7,48,1018.288
507,2026-01-26 23:34:22,39.7,48,1018.241
508,2026-01-26 23:39:22,39.6,49,1018.078
509,2026-01-26 23:44:22,39.5,49,1018.073
510,2026-01-26 23:49:22,39.4,49,1018.026
511,2026-01-26 23:54:22,39.6,49,1017.92
512,2026-01-26 23:59:22,39.5,49,1017.898
513,2026-01-27 00:04:22,39.5,49,1017.872
514,2026-01-27 00:08:36,39.5,49,1017.851
515,2026-01-27 00:12:07,39.3,49,1017.894
516,2026-01-27 00:17:07,39.5,49,1017.813
517,2026-01-27 00:22:07,39.4,49,1017.662
518,2026-01-27 00:23:52,39.4,49,1017.71
519,2026-01-27 00:28:52,39.2,49,1017.512
520,2026-01-27 00:33:52,39.0,50,1017.451
521,2026-01-27 00:38:52,38.9,50,1017.24
522,2026-01-27 00:43:52,38.7,50,1017.19
523,2026-01-27 00:48:52,38.9,50,1017.182
524,2026-01-27 00:53:52,38.9,50,1017.027
525,2026-01-27 00:58:52,38.7,50,1016.939
526,2026-01-27 01:03:52,38.7,50,1016.852
527,2026-01-27 01:08:52,38.7,50,1016.779
528,2026-01-27 01:13:52,38.7,50,1016.713
529,2026-01-27 01:18:52,38.7,50,1016.724
530,2026-01-27 01:23:52,38.8,50,1016.74
531,2026-01-27 01:28:52,38.7,50,1016.751
532,2026-01-27 01:33:52,38.7,50,1016.646
533,2026-01-27 01:38:52,38.6,51,1016.585
534,2026-01-27 01:43:52,38.7,50,1016.546
535,2026-01-27 01:48:52,38.6,51,1016.492
536,2026-01-27 01:53:52,38.5,51,1016.489
537,2026-01-27 01:58:52,38.6,50,1016.514
538,2026-01-27 02:03:52,38.6,50,1016.532
539,2026-01-27 02:08:52,38.5,51,1016.44
540,2026-01-27 02:13:52,38.7,50,1016.396
541,2026-01-27 02:18:52,38.5,51,1016.464
542,2026-01-27 02:23:52,38.5,51,1016.455
543,2026-01-27 02:28:52,38.5,51,1016.356
544,2026-01-27 02:33:52,38.6,51,1016.314
545,2026-01-27 02:38:52,38.5,51,1016.27
546,2026-01-27 02:43:52,38.5,51,1016.258
547,2026-01-27 02:48:52,38.5,51,1016.224
548,2026-01-27 02:53:52,38.5,51,1016.307
549,2026-01-27 02:58:52,38.5,51,1016.299
550,2026-01-27 03:03:52,38.5,51,1016.375
551,2026-01-27 03:08:52,38.5,51,1016.299
552,2026-01-27 03:13:52,38.5,51,1016.278
553,2026-01-27 03:18:52,38.5,50,1016.32
554,2026-01-27 03:23:52,38.5,50,1016.342
555,2026-01-27 03:28:52,38.5,50,1016.247
556,2026-01-27 03:33:52,38.5,50,1016.302
557,2026-01-27 10:05:33,27.8,72,1019.287
558,2026-01-27 10:10:33,28.4,72,1019.244
559,2026-01-27 10:15:33,37.9,51,1019.298
560,2026-01-27 10:20:33,38.3,50,1019.232
561,2026-01-27 10:25:33,38.5,49,1019.141
562,2026-01-27 10:30:33,38.5,49,1019.158
563,2026-01-27 10:35:33,38.5,49,1019.09
564,2026-01-27 10:40:33,38.6,49,1019.001
565,2026-01-27 10:45:33,38.6,49,1019.004
566,2026-01-27 10:50:33,38.6,49,1018.959
567,2026-01-27 10:55:33,38.6,49,1018.958
568,2026-01-27 11:00:33,38.7,49,1018.919
569,2026-01-27 11:05:33,38.7,49,1018.894
570,2026-01-27 11:10:33,38.7,49,1018.931
571,2026-01-27 11:15:33,38.7,49,1018.968
572,2026-01-27 11:20:33,38.6,49,1019.039
573,2026-01-27 11:25:33,38.7,49,1018.992
574,2026-01-27 11:30:33,38.7,49,1018.956
575,2026-01-27 11:35:33,38.6,49,1018.887
576,2026-01-27 11:40:33,38.6,48,1018.839
577,2026-01-27 11:45:33,38.6,48,1018.745
578,2026-01-27 11:50:33,38.6,48,1018.77
579,2026-01-27 11:55:33,38.7,48,1018.684
580,2026-01-27 12:00:33,38.6,47,1018.567
581,2026-01-27 12:05:33,38.7,47,1018.371
582,2026-01-27 12:10:33,38.8,47,1018.285
583,2026-01-27 12:15:33,38.8,47,1018.309
584,2026-01-27 12:20:33,38.7,46,1018.245
585,2026-01-27 12:25:33,38.8,46,1018.204
586,2026-01-27 12:30:33,38.7,46,1018.2
587,2026-01-27 12:35:33,38.8,46,1018.134
588,2026-01-27 12:40:33,38.9,46,1018.004
589,2026-01-27 12:45:33,38.9,46,1017.956
590,2026-01-27 12:50:33,38.9,46,1017.889
591,2026-01-27 12:55:33,38.9,46,1017.706
592,2026-01-27 13:00:33,38.9,46,1017.663
593,2026-01-27 13:05:33,38.9,46,1017.488
594,2026-01-27 13:10:33,38.9,46,1017.473
595,2026-01-27 13:15:33,38.9,46,1017.37
596,2026-01-27 13:20:33,38.9,46,1017.332
597,2026-01-27 13:25:33,38.9,46,1017.24
598,2026-01-27 13:30:33,39.0,46,1017.15
599,2026-01-27 13:40:33,39.1,46,1017.122
600,2026-01-27 13:45:33,39.0,46,1017.056
601,2026-01-27 13:50:33,39.0,46,1016.956
602,2026-01-27 13:55:33,39.1,46,1016.962
603,2026-01-27 14:00:33,39.0,46,1016.834
604,2026-01-27 14:05:33,39.1,46,1016.804
605,2026-01-27 14:10:33,39.1,46,1016.684
606,2026-01-27 14:15:33,39.0,47,1016.618
607,2026-01-27 14:20:33,39.1,47,1016.593
608,2026-01-27 14:25:33,39.1,46,1016.416
609,2026-01-27 14:30:33,39.1,46,1016.295
610,2026-01-27 14:35:33,39.1,46,1016.262
611,2026-01-27 14:40:33,39.1,46,1016.263
612,2026-01-27 14:45:33,39.0,46,1016.104
613,2026-01-27 14:50:33,38.9,46,1016.079
614,2026-01-27 14:55:33,39.0,46,1015.978
615,2026-01-27 15:00:33,38.9,46,1015.896
616,2026-01-27 15:05:33,39.0,46,1015.846
617,2026-01-27 15:10:33,39.1,46,1015.749
618,2026-01-27 15:15:33,39.1,46,1015.7
619,2026-01-27 15:20:33,39.1,46,1015.651
620,2026-01-27 15:25:33,39.2,46,1015.619
621,2026-01-27 15:30:33,39.2,46,1015.53
622,2026-01-27 15:35:33,39.1,47,1015.546
623,2026-01-27 15:40:33,39.1,46,1015.495
624,2026-01-27 15:45:33,39.1,46,1015.39
625,2026-01-27 15:50:33,39.2,47,1015.411
626,2026-01-27 15:55:33,39.1,47,1015.31
627,2026-01-27 16:00:33,39.2,46,1015.331
628,2026-01-27 16:05:33,39.2,46,1015.214
629,2026-01-27 16:10:33,39.2,46,1015.289
630,2026-01-27 16:15:33,39.1,46,1015.224
631,2026-01-27 16:20:33,39.2,46,1015.295
632,2026-01-27 16:25:33,39.1,46,1015.255
633,2026-01-27 16:30:33,39.2,46,1015.307
634,2026-01-27 16:35:33,39.2,46,1015.158
635,2026-01-27 16:40:33,39.2,46,1015.185
636,2026-01-27 16:45:33,39.3,46,1015.2
637,2026-01-27 16:50:33,39.3,46,1015.102
638,2026-01-27 16:55:33,39.2,46,1015.144
639,2026-01-27 17:00:33,39.3,46,1015.226
640,2026-01-27 17:05:33,39.3,46,1015.187
641,2026-01-27 17:10:33,39.3,47,1015.097
642,2026-01-27 17:15:33,39.2,47,1015.189
643,2026-01-27 17:20:33,39.3,47,1015.129
644,2026-01-27 17:25:33,39.1,47,1015.161
645,2026-01-27 17:30:33,39.2,47,1015.307
646,2026-01-27 17:35:33,39.1,47,1015.307
647,2026-01-27 17:40:33,39.2,47,1015.322
648,2026-01-27 17:45:33,39.2,47,1015.384
649,2026-01-27 17:50:33,39.2,46,1015.497
650,2026-01-27 17:55:33,39.2,46,1015.584
651,2026-01-27 18:00:33,39.2,46,1015.593
652,2026-01-27 18:05:33,39.3,45,1015.592
653,2026-01-27 18:10:33,39.1,46,1015.751
654,2026-01-27 18:15:33,39.0,46,1015.828
655,2026-01-27 18:20:33,39.1,47,1015.932
656,2026-01-27 18:25:33,39.2,47,1015.949
657,2026-01-27 18:30:33,39.2,47,1015.977
658,2026-01-27 18:35:33,39.1,47,1015.957
659,2026-01-27 18:40:33,39.2,47,1016.019
660,2026-01-27 18:45:33,39.2,47,1016.076
661,2026-01-27 18:50:33,39.2,47,1016.103
662,2026-01-27 18:55:33,39.2,47,1016.095
663,2026-01-27 19:00:33,39.2,47,1016.164
664,2026-01-27 19:05:33,39.1,48,1016.222
665,2026-01-27 19:10:33,39.2,48,1016.227
666,2026-01-27 19:15:33,39.1,48,1016.267
667,2026-01-27 19:20:33,39.1,48,1016.302
668,2026-01-27 19:25:33,39.1,48,1016.381
669,2026-01-27 19:30:33,39.2,48,1016.413
670,2026-01-27 19:35:33,39.0,48,1016.557
671,2026-01-27 19:40:33,39.0,48,1016.624
672,2026-01-27 19:45:33,39.0,48,1016.656
673,2026-01-27 19:50:33,39.0,48,1016.754
674,2026-01-27 19:55:33,39.0,48,1016.81
675,2026-01-27 20:00:33,39.0,49,1016.806
676,2026-01-27 20:05:33,39.0,49,1016.873
677,2026-01-27 20:10:33,38.9,49,1016.907
678,2026-01-27 20:15:33,39.0,49,1016.892
679,2026-01-27 20:20:33,39.0,49,1016.934
680,2026-01-27 20:25:33,39.0,49,1017.037
681,2026-01-27 20:30:33,38.9,49,1017.019
682,2026-01-27 20:35:33,39.0,49,1017.054
683,2026-01-27 20:40:33,38.9,49,1017.082
684,2026-01-27 20:45:33,38.7,49,1017.174
685,2026-01-27 20:50:33,38.9,49,1017.195
686,2026-01-27 20:55:33,38.7,49,1017.184
687,2026-01-27 21:00:33,38.3,50,1017.199
688,2026-01-27 21:05:33,38.5,50,1017.154
689,2026-01-27 21:10:33,38.7,49,1017.277
690,2026-01-27 21:15:33,38.7,49,1017.294
691,2026-01-27 21:20:33,38.8,49,1017.415
692,2026-01-27 21:25:33,38.7,49,1017.423
693,2026-01-27 21:30:33,38.6,49,1017.467
694,2026-01-27 21:35:33,38.5,49,1017.525
695,2026-01-27 21:40:33,38.4,50,1017.508
696,2026-01-27 21:45:33,38.5,50,1017.607
697,2026-01-27 21:50:33,38.5,50,1017.743
698,2026-01-27 21:55:33,38.3,50,1017.693
699,2026-01-27 22:00:33,38.3,50,1017.721
700,2026-01-27 22:05:33,38.3,50,1017.723
701,2026-01-27 22:10:33,38.2,50,1017.743
702,2026-01-27 22:15:33,38.2,50,1017.79
703,2026-01-27 22:20:33,38.3,50,1017.648
704,2026-01-27 22:25:33,38.3,50,1017.664
705,2026-01-27 22:30:33,38.3,50,1017.727
706,2026-01-27 22:35:33,38.5,50,1017.734
707,2026-01-27 22:40:33,38.5,50,1017.789
708,2026-01-27 22:45:33,38.5,50,1017.797
709,2026-01-27 22:50:33,38.6,50,1017.867
710,2026-01-27 22:55:33,38.6,50,1017.937
711,2026-01-27 23:00:33,38.5,50,1017.988
712,2026-01-27 23:05:33,38.6,50,1018.029
713,2026-01-27 23:10:33,38.6,50,1018.026
714,2026-01-28 01:05:18,38.9,49,1017.37
715,2026-01-28 01:09:29,39.4,48,1017.391
716,2026-01-28 01:14:29,38.6,49,1017.267
717,2026-01-28 01:19:29,38.3,51,1017.181
718,2026-01-28 01:24:29,38.1,51,1017.025
719,2026-01-28 01:29:29,38.1,51,1017.034
720,2026-01-28 01:34:29,38.1,51,1017.006
721,2026-01-28 01:39:29,38.1,51,1017.044
722,2026-01-28 01:44:29,38.1,51,1017.009
723,2026-01-28 01:49:29,38.1,51,1016.924
724,2026-01-28 01:54:29,38.1,51,1016.824
725,2026-01-28 01:59:29,38.1,51,1016.795
726,2026-01-28 02:04:29,38.1,51,1016.725
727,2026-01-28 02:09:29,38.0,51,1016.621
728,2026-01-28 02:14:29,38.0,51,1016.629
729,2026-01-28 02:19:29,38.0,51,1016.569
730,2026-01-28 02:24:29,38.1,51,1016.4
731,2026-01-28 02:29:29,38.0,51,1016.379
732,2026-01-28 02:34:29,38.0,51,1016.35
733,2026-01-28 02:39:29,38.0,51,1016.277
734,2026-01-28 02:44:29,38.0,51,1016.273
735,2026-01-28 02:49:29,38.1,51,1016.23
736,2026-01-28 02:54:29,38.0,51,1016.218
737,2026-01-28 02:59:29,38.0,51,1016.34
738,2026-01-28 03:04:29,37.9,51,1016.278
739,2026-01-28 03:09:29,38.0,51,1016.204
740,2026-01-28 03:14:29,38.0,51,1016.187
741,2026-01-28 03:19:29,37.9,52,1016.167
742,2026-01-28 03:24:29,37.9,52,1016.052
743,2026-01-28 03:34:29,37.9,52,1016.0
744,2026-01-28 03:39:29,37.9,52,1016.01
745,2026-01-28 03:44:29,37.9,52,1016.009
746,2026-01-28 03:49:29,37.9,52,1015.998
747,2026-01-28 03:54:29,37.8,52,1016.0
748,2026-01-28 03:59:29,37.9,52,1015.989
749,2026-01-28 04:04:29,37.9,52,1015.965
750,2026-01-28 04:09:29,37.9,52,1015.894
751,2026-01-28 04:14:29,37.9,52,1015.859
752,2026-01-28 04:19:29,37.8,52,1015.755
753,2026-01-28 04:24:29,37.9,52,1015.743
754,2026-01-28 04:29:29,37.8,52,1015.736
755,2026-01-28 04:34:29,37.8,52,1015.748
756,2026-01-28 04:39:29,37.8,52,1015.814
757,2026-01-28 04:44:29,37.7,52,1015.83
758,2026-01-28 04:49:29,37.7,52,1015.736
759,2026-01-28 04:54:29,37.7,52,1015.688
760,2026-01-28 04:59:29,37.8,52,1015.617
761,2026-01-28 05:04:29,37.8,52,1015.611
762,2026-01-28 05:09:29,37.8,52,1015.577
763,2026-01-28 05:14:29,37.8,52,1015.559
764,2026-01-28 05:19:29,37.7,52,1015.58
765,2026-01-28 05:24:29,37.7,52,1015.748
766,2026-01-28 05:34:29,37.7,52,1015.976
767,2026-01-28 05:39:29,37.7,52,1015.993
768,2026-01-28 05:44:29,37.7,52,1016.045
769,2026-01-28 05:49:29,37.7,52,1016.03
770,2026-01-28 05:54:29,37.8,52,1015.976
771,2026-01-28 05:59:29,37.7,52,1016.03
772,2026-01-28 06:04:29,37.7,52,1016.034
773,2026-01-28 06:09:29,37.7,52,1016.001
774,2026-01-28 06:14:29,37.7,52,1016.095
775,2026-01-28 06:19:29,37.7,52,1016.141
776,2026-01-28 06:24:29,37.7,52,1016.228
777,2026-01-28 06:29:29,37.7,52,1016.302
778,2026-01-28 06:34:29,37.8,52,1016.338
779,2026-01-28 06:39:29,37.7,52,1016.425
780,2026-01-28 06:49:29,37.7,52,1016.508
781,2026-01-28 06:54:29,37.7,52,1016.617
782,2026-01-28 06:59:29,37.5,52,1016.614
783,2026-01-28 07:04:29,37.6,52,1016.58
784,2026-01-28 07:09:29,37.5,52,1016.602
785,2026-01-28 07:14:29,37.5,52,1016.67
786,2026-01-28 07:19:29,37.5,52,1016.75
787,2026-01-28 07:24:29,37.5,52,1016.828
788,2026-01-28 07:29:29,37.5,52,1016.898
789,2026-01-28 07:34:29,37.5,52,1016.886
790,2026-01-28 07:39:29,37.5,52,1016.957
791,2026-01-28 07:44:29,37.5,52,1017.028
792,2026-01-28 07:49:29,37.3,52,1017.063
793,2026-01-28 07:54:29,37.4,52,1017.082
794,2026-01-28 07:59:29,37.5,52,1017.152
795,2026-01-28 08:04:29,37.5,52,1017.199
796,2026-01-28 08:09:29,37.4,52,1017.319
797,2026-01-28 08:14:29,37.5,52,1017.42
798,2026-01-28 08:24:29,37.5,52,1017.608
799,2026-01-28 08:29:29,37.4,52,1017.673
800,2026-01-28 08:34:29,37.5,52,1017.74
801,2026-01-28 08:39:29,37.4,52,1017.89
802,2026-01-28 08:44:29,37.8,52,1018.055
803,2026-01-28 08:49:29,38.0,51,1018.15
804,2026-01-28 08:54:29,37.7,52,1018.287
805,2026-01-28 08:59:29,38.0,52,1018.207
806,2026-01-28 09:04:29,38.0,52,1018.272
807,2026-01-28 09:09:29,38.1,51,1018.342
808,2026-01-28 09:14:29,38.1,51,1018.408
809,2026-01-28 09:19:29,38.1,51,1018.436
810,2026-01-28 09:24:29,38.1,51,1018.439
811,2026-01-28 09:29:29,38.1,51,1018.5
812,2026-01-28 09:34:29,38.1,51,1018.507
813,2026-01-28 09:39:29,38.1,51,1018.438
814,2026-01-28 09:44:29,38.1,51,1018.379
815,2026-01-28 09:49:29,38.1,51,1018.362
816,2026-01-28 09:54:29,38.1,51,1018.333
817,2026-01-28 09:59:29,38.1,51,1018.392
818,2026-01-28 10:04:29,38.3,51,1018.517
819,2026-01-28 10:09:29,38.3,51,1018.42
820,2026-01-28 10:14:29,38.3,51,1018.393
821,2026-01-28 10:19:29,38.2,51,1018.419
822,2026-01-28 10:24:29,38.3,51,1018.466
823,2026-01-28 10:29:29,38.3,50,1018.429
824,2026-01-28 10:34:29,38.4,50,1018.47
825,2026-01-28 10:39:29,38.4,50,1018.502
826,2026-01-28 10:44:29,38.4,50,1018.451
827,2026-01-28 10:49:29,38.4,50,1018.462
828,2026-01-28 10:54:29,38.4,50,1018.408
829,2026-01-28 10:59:29,38.5,50,1018.309
830,2026-01-28 11:04:29,38.5,50,1018.294
831,2026-01-28 11:09:29,38.5,50,1018.245
832,2026-01-28 11:14:29,38.5,50,1018.187
833,2026-01-28 11:19:29,38.5,50,1018.136
834,2026-01-28 11:24:29,38.5,50,1018.154
835,2026-01-28 11:29:29,38.5,50,1018.08
836,2026-01-28 11:34:29,38.5,50,1018.104
837,2026-01-28 11:39:29,38.6,50,1018.124
838,2026-01-28 11:44:29,38.6,50,1018.075
839,2026-01-28 11:49:29,38.5,49,1018.094
840,2026-01-28 11:54:29,38.6,49,1018.049
841,2026-01-28 11:59:29,38.5,49,1018.048
842,2026-01-28 12:04:29,38.5,49,1018.015
843,2026-01-28 12:09:29,38.6,49,1018.051
844,2026-01-28 12:14:29,38.6,50,1018.126
845,2026-01-28 12:19:29,38.6,49,1018.074
846,2026-01-28 12:24:29,38.7,49,1018.021
847,2026-01-28 12:29:29,38.7,49,1017.978
848,2026-01-28 12:34:29,38.7,49,1017.906
849,2026-01-28 12:39:29,38.7,49,1017.763
850,2026-01-28 12:44:29,38.7,49,1017.776
851,2026-01-28 12:49:29,38.7,49,1017.755
852,2026-01-28 12:54:29,38.7,49,1017.727
853,2026-01-28 12:59:29,38.7,49,1017.671
854,2026-01-28 13:04:29,38.7,49,1017.691
855,2026-01-28 13:09:29,38.8,49,1017.704
856,2026-01-28 13:14:29,38.9,49,1017.547
857,2026-01-28 13:19:29,38.9,49,1017.364
858,2026-01-28 13:24:29,38.9,49,1017.3
859,2026-01-28 13:29:29,38.9,49,1017.247
860,2026-01-28 13:34:29,38.9,49,1017.133
861,2026-01-28 13:39:29,38.9,49,1017.118
862,2026-01-28 13:44:29,38.9,49,1017.026
863,2026-01-28 13:49:29,38.9,49,1016.963
864,2026-01-28 13:54:29,38.9,49,1016.749
865,2026-01-28 13:59:29,38.9,49,1016.729
866,2026-01-28 14:04:29,38.9,49,1016.741
867,2026-01-28 14:09:29,38.9,49,1016.685
868,2026-01-28 14:14:29,39.0,49,1016.494
869,2026-01-28 14:19:29,39.0,49,1016.49
870,2026-01-28 14:24:29,38.9,49,1016.406
871,2026-01-28 14:29:29,39.0,49,1016.324
872,2026-01-28 14:34:29,39.1,49,1016.166
873,2026-01-28 14:39:29,39.1,49,1016.067
874,2026-01-28 14:44:29,39.0,48,1015.853
875,2026-01-28 14:49:29,39.0,48,1015.869
876,2026-01-28 14:54:29,39.1,48,1015.697
877,2026-01-28 14:59:29,38.9,49,1015.645
878,2026-01-28 15:04:29,39.1,49,1015.595
879,2026-01-28 15:09:29,39.0,48,1015.443
880,2026-01-28 15:14:29,39.2,48,1015.405
881,2026-01-28 15:19:29,39.1,48,1015.354
882,2026-01-28 15:24:29,39.1,48,1015.288
883,2026-01-28 15:29:29,39.1,48,1015.156
884,2026-01-28 15:34:29,38.5,49,1015.102
885,2026-01-28 15:39:29,38.5,50,1015.171
886,2026-01-28 15:44:29,38.3,50,1015.101
887,2026-01-28 15:49:29,38.4,50,1015.003
888,2026-01-28 15:54:29,38.3,50,1014.944
889,2026-01-28 15:59:29,38.5,50,1014.976
890,2026-01-28 16:04:29,38.3,50,1014.817
891,2026-01-28 16:09:29,38.5,50,1014.856
892,2026-01-28 16:14:29,38.5,50,1014.781
893,2026-01-28 16:19:29,38.5,50,1014.814
894,2026-01-28 16:24:29,38.5,50,1014.827
895,2026-01-28 16:29:29,38.5,50,1014.876
896,2026-01-28 16:34:29,38.5,49,1014.834
897,2026-01-28 16:39:29,38.6,49,1014.792
898,2026-01-28 16:44:29,38.6,49,1014.881
899,2026-01-28 16:49:29,38.6,49,1014.826
900,2026-01-28 16:54:29,38.6,49,1014.792
901,2026-01-28 16:59:29,38.5,49,1014.918
902,2026-01-28 17:04:29,38.6,49,1014.915
903,2026-01-28 17:09:29,38.5,49,1014.896
904,2026-01-28 17:19:29,38.6,49,1014.91
905,2026-01-28 17:24:29,38.7,49,1014.811
906,2026-01-28 17:29:29,38.6,49,1014.891
907,2026-01-28 17:34:29,38.6,49,1014.934
908,2026-01-28 17:39:29,38.6,50,1014.987
909,2026-01-28 17:44:29,38.7,50,1014.978
910,2026-01-28 17:49:29,38.6,50,1015.147
911,2026-01-28 17:54:29,38.9,49,1015.2
912,2026-01-28 17:59:29,39.3,49,1015.345
913,2026-01-28 18:04:29,39.2,49,1015.367
914,2026-01-28 18:09:29,39.3,49,1015.416
915,2026-01-28 18:14:29,39.2,49,1015.4
916,2026-01-28 18:19:29,39.2,49,1015.392
917,2026-01-28 18:24:29,39.2,49,1015.451
918,2026-01-28 18:29:29,39.1,49,1015.555
919,2026-01-28 18:34:29,39.1,49,1015.692
920,2026-01-28 18:39:29,38.5,50,1015.794
921,2026-01-28 18:44:29,38.3,51,1015.838
922,2026-01-28 18:49:29,38.4,51,1015.948
923,2026-01-28 18:54:29,38.3,51,1016.07
924,2026-01-28 18:59:29,38.5,51,1016.027
925,2026-01-28 19:04:29,38.5,51,1016.076
926,2026-01-28 19:09:29,38.5,51,1016.218
927,2026-01-28 19:19:29,38.5,51,1016.364
928,2026-01-28 19:24:29,38.5,51,1016.418
929,2026-01-28 19:29:29,38.6,51,1016.438
930,2026-01-28 19:34:29,38.6,51,1016.495
931,2026-01-28 19:39:29,38.7,51,1016.508
932,2026-01-28 19:44:29,38.9,50,1016.543
933,2026-01-28 19:49:29,38.7,50,1016.601
934,2026-01-28 19:54:29,38.8,50,1016.685
935,2026-01-28 19:59:29,38.7,50,1016.74
936,2026-01-28 20:04:29,38.7,50,1016.742
937,2026-01-28 20:09:29,38.6,50,1016.823
938,2026-01-28 20:14:29,38.7,50,1017.001
939,2026-01-28 20:19:29,38.8,50,1017.046
940,2026-01-28 20:24:29,38.6,50,1017.099
941,2026-01-28 20:29:29,38.6,50,1017.172
942,2026-01-28 20:34:29,38.7,50,1017.28
943,2026-01-28 20:39:29,38.6,50,1017.387
944,2026-01-28 20:44:29,38.5,50,1017.477
945,2026-01-28 20:49:29,38.5,50,1017.53
946,2026-01-28 20:54:29,38.6,50,1017.463
947,2026-01-28 20:59:29,38.7,50,1017.484
948,2026-01-28 21:04:29,38.6,50,1017.443
949,2026-01-28 21:09:29,38.7,50,1017.374
950,2026-01-28 21:14:29,38.6,50,1017.39
951,2026-01-28 21:19:29,38.5,50,1017.441
952,2026-01-28 21:24:29,38.5,51,1017.446
953,2026-01-28 21:29:29,38.6,50,1017.597
954,2026-01-28 21:34:29,38.6,50,1017.603
955,2026-01-28 21:39:29,38.6,50,1017.72
956,2026-01-28 21:44:29,38.5,51,1017.692
957,2026-01-28 21:49:29,38.5,51,1017.798
958,2026-01-28 21:54:29,38.5,51,1017.835
959,2026-01-28 21:59:29,38.5,50,1017.896
960,2026-01-28 22:04:29,38.5,51,1017.864
961,2026-01-28 22:09:29,38.5,50,1017.932
962,2026-01-28 22:14:29,38.5,51,1017.978
963,2026-01-28 22:19:29,38.6,50,1018.112
964,2026-01-28 22:24:29,38.5,51,1018.13
965,2026-01-28 22:29:29,38.5,51,1018.162
966,2026-01-28 22:34:29,38.5,51,1018.272
967,2026-01-28 22:39:29,38.5,51,1018.316
968,2026-01-28 22:44:29,38.5,51,1018.284
969,2026-01-28 22:49:29,38.4,51,1018.263
970,2026-01-28 22:54:29,38.3,51,1018.352
971,2026-01-28 22:59:29,38.3,51,1018.364
972,2026-01-28 23:04:29,38.4,51,1018.431
973,2026-01-28 23:09:29,38.5,51,1018.421
974,2026-01-28 23:14:29,38.3,52,1018.38
975,2026-01-28 23:19:29,38.3,52,1018.376
976,2026-01-28 23:24:29,38.3,51,1018.416
977,2026-01-28 23:29:29,38.5,51,1018.346
978,2026-01-28 23:34:29,38.5,51,1018.351
979,2026-01-28 23:39:29,38.7,51,1018.321
980,2026-01-28 23:44:29,38.6,51,1018.24
981,2026-01-29 01:13:22,37.1,53,1017.755
982,2026-01-29 01:15:22,36.7,54,1017.698
983,2026-01-29 01:20:22,37.5,53,1017.603
984,2026-01-29 01:25:22,37.9,52,1017.532
985,2026-01-29 01:30:22,37.9,52,1017.484
986,2026-01-29 01:35:22,38.0,52,1017.358
987,2026-01-29 01:40:22,37.9,52,1017.25
988,2026-01-29 01:45:22,37.9,52,1017.126
989,2026-01-29 01:50:22,38.0,52,1017.031
990,2026-01-29 01:55:22,37.9,52,1016.961
991,2026-01-29 02:00:22,38.0,52,1017.05
992,2026-01-29 02:05:22,38.0,52,1017.056
993,2026-01-29 02:10:22,37.9,52,1016.972
994,2026-01-29 02:15:22,37.9,52,1016.882
995,2026-01-29 02:20:22,37.9,52,1016.822
996,2026-01-29 02:25:22,37.9,52,1016.864
997,2026-01-29 02:30:22,38.0,52,1016.759
998,2026-01-29 02:35:22,37.9,52,1016.574
999,2026-01-29 02:40:22,37.8,52,1016.474
1000,2026-01-29 02:45:22,37.9,52,1016.458
1001,2026-01-29 02:50:22,37.8,52,1016.415
1002,2026-01-29 02:55:22,37.9,52,1016.287
1003,2026-01-29 03:00:22,37.8,52,1016.305
1004,2026-01-29 03:05:22,37.8,52,1016.387
1005,2026-01-29 03:10:22,37.9,52,1016.214
1006,2026-01-29 03:15:22,37.8,52,1016.109
1007,2026-01-29 03:20:22,37.7,52,1015.991
1008,2026-01-29 03:25:22,37.9,52,1015.856
1009,2026-01-29 03:30:22,37.8,52,1015.692
1010,2026-01-29 03:35:22,37.8,52,1015.581
1011,2026-01-29 03:40:22,37.8,52,1015.555
1012,2026-01-29 03:45:22,37.7,53,1015.618
1013,2026-01-29 03:50:22,37.8,52,1015.547
1014,2026-01-29 03:55:22,37.8,52,1015.642
1015,2026-01-29 04:00:22,37.8,52,1015.635
1016,2026-01-29 04:05:22,37.7,52,1015.518
1017,2026-01-29 04:10:22,37.7,53,1015.462
1018,2026-01-29 04:15:22,37.7,53,1015.397
1019,2026-01-29 04:20:22,37.7,52,1015.275
1020,2026-01-29 04:25:22,37.7,53,1015.285
1021,2026-01-29 04:30:22,37.7,53,1015.357
1022,2026-01-29 04:35:22,37.7,52,1015.456
1023,2026-01-29 04:40:22,37.7,52,1015.441
1024,2026-01-29 04:45:22,37.7,52,1015.478
1025,2026-01-29 04:50:22,37.6,53,1015.527
1026,2026-01-29 04:55:22,37.7,52,1015.484
1027,2026-01-29 05:00:22,37.6,53,1015.452
1028,2026-01-29 05:05:22,37.6,53,1015.474
1029,2026-01-29 05:10:22,37.6,53,1015.55
1030,2026-01-29 05:15:22,37.7,52,1015.596
1031,2026-01-29 05:20:22,37.6,52,1015.555
1032,2026-01-29 05:25:22,37.6,53,1015.629
1033,2026-01-29 05:30:22,37.7,52,1015.66
1034,2026-01-29 05:35:22,37.5,53,1015.639
1035,2026-01-29 05:40:22,37.5,53,1015.572
1036,2026-01-29 05:45:22,37.5,53,1015.509
1037,2026-01-29 05:50:22,37.5,53,1015.542
1038,2026-01-29 05:55:22,37.6,53,1015.571
1039,2026-01-29 06:00:22,37.6,53,1015.628
1040,2026-01-29 06:05:22,37.5,53,1015.699
1041,2026-01-29 06:10:22,37.5,53,1015.711
1042,2026-01-29 06:15:22,37.6,53,1015.641
1043,2026-01-29 06:20:22,37.5,53,1015.608
1044,2026-01-29 06:25:22,37.6,53,1015.673
1045,2026-01-29 06:30:22,37.5,53,1015.691
1046,2026-01-29 06:35:22,37.5,53,1015.783
1047,2026-01-29 06:40:22,37.5,53,1015.812
1048,2026-01-29 06:45:22,37.5,53,1015.833
1049,2026-01-29 06:50:22,37.5,53,1015.945
1050,2026-01-29 06:55:22,37.5,53,1015.92
1051,2026-01-29 07:00:22,37.5,53,1015.861
1052,2026-01-29 07:05:22,37.5,53,1015.873
1053,2026-01-29 07:10:22,37.5,53,1015.972
1054,2026-01-29 07:15:22,37.5,53,1016.034
1055,2026-01-29 07:20:22,37.5,53,1016.021
1056,2026-01-29 07:25:22,37.5,53,1016.052
1057,2026-01-29 07:30:22,37.5,53,1016.192
1058,2026-01-29 07:35:22,37.5,53,1016.147
1059,2026-01-29 07:40:22,37.5,53,1016.208
1060,2026-01-29 07:45:22,37.5,53,1016.328
1061,2026-01-29 07:50:22,37.5,53,1016.488
1062,2026-01-29 07:55:22,37.5,53,1016.545
1063,2026-01-29 08:00:22,37.5,53,1016.608
1064,2026-01-29 08:05:22,37.5,53,1016.715
1065,2026-01-29 08:10:22,37.5,53,1016.811
1066,2026-01-29 12:15:57,38.1,51,1018.008
1067,2026-01-29 12:20:57,37.7,51,1017.959
1068,2026-01-29 12:25:57,37.8,51,1018.018
1069,2026-01-29 12:30:57,37.8,51,1017.835
1070,2026-01-29 12:35:57,38.0,51,1017.78
1071,2026-01-29 12:40:57,37.9,51,1017.683
1072,2026-01-29 12:45:57,38.0,51,1017.622
1073,2026-01-29 12:50:57,38.0,51,1017.436
1074,2026-01-29 12:55:57,38.0,50,1017.377
1075,2026-01-29 13:00:57,38.1,50,1017.282
1076,2026-01-29 13:05:57,37.9,50,1017.151
1077,2026-01-29 13:10:57,38.0,50,1017.044
1078,2026-01-29 13:15:57,38.0,50,1016.945
1079,2026-01-29 13:20:57,38.1,49,1016.929
1080,2026-01-29 13:25:57,37.9,49,1016.884
1081,2026-01-29 13:30:57,38.1,49,1016.808
1082,2026-01-29 13:35:57,37.9,49,1016.675
1083,2026-01-29 13:40:57,38.3,49,1016.61
1084,2026-01-29 13:45:57,38.1,49,1016.443
1085,2026-01-29 13:50:57,38.3,49,1016.478
1086,2026-01-29 13:55:57,38.3,49,1016.341
1087,2026-01-29 14:00:57,38.2,49,1016.3
1088,2026-01-29 14:05:57,38.1,49,1016.238
1089,2026-01-29 14:10:57,38.3,49,1016.246
1090,2026-01-29 14:15:57,38.1,49,1016.175
1091,2026-01-29 14:20:57,38.3,49,1016.082
1092,2026-01-29 14:25:57,38.3,49,1016.009
1093,2026-01-29 14:30:57,38.3,49,1015.859
1094,2026-01-29 14:35:57,38.1,49,1015.899
1095,2026-01-29 14:40:57,38.2,49,1015.773
1096,2026-01-29 14:45:57,38.3,49,1015.658
1097,2026-01-29 14:50:57,38.1,49,1015.597
1098,2026-01-29 14:55:57,38.1,49,1015.503
1099,2026-01-29 15:00:57,38.2,49,1015.443
1100,2026-01-29 15:05:57,38.2,49,1015.4
1101,2026-01-29 15:10:57,38.1,49,1015.367
1102,2026-01-29 15:15:57,38.3,49,1015.318
1103,2026-01-29 15:20:57,38.1,49,1015.235
1104,2026-01-29 15:25:57,38.2,49,1015.066
1105,2026-01-29 15:30:57,38.1,49,1014.951
1106,2026-01-29 15:35:57,38.1,49,1014.936
1107,2026-01-29 15:40:57,38.2,50,1014.927
1108,2026-01-29 15:45:57,38.1,50,1014.829
1109,2026-01-29 15:50:57,38.3,50,1014.885
1110,2026-01-29 15:55:57,38.3,49,1014.903
1111,2026-01-29 16:00:57,38.3,50,1014.818
1112,2026-01-29 16:05:57,38.1,50,1014.842
1113,2026-01-29 16:10:57,38.3,50,1014.792
1114,2026-01-29 16:15:57,38.3,50,1014.773
1115,2026-01-29 16:20:57,38.3,50,1014.841
1116,2026-01-29 16:25:57,38.3,50,1014.898
1117,2026-01-29 16:30:57,38.3,50,1014.874
1118,2026-01-29 16:35:57,38.3,50,1014.901
1119,2026-01-29 16:40:57,38.3,51,1014.887
1120,2026-01-29 16:45:57,38.3,51,1014.906
1121,2026-01-29 16:50:57,38.3,51,1014.84
1122,2026-01-29 16:55:57,38.3,51,1014.834
1123,2026-01-29 17:00:57,38.3,50,1014.797
1124,2026-01-29 17:05:57,38.3,51,1014.756
1125,2026-01-29 17:10:57,38.3,51,1014.777
1126,2026-01-29 17:15:57,38.3,51,1014.813
1127,2026-01-29 17:20:57,38.3,51,1014.961
1128,2026-01-29 17:25:57,38.5,50,1015.055
1129,2026-01-29 17:30:57,38.5,50,1015.064
1130,2026-01-29 17:35:57,38.3,51,1015.028
1131,2026-01-29 17:40:57,38.3,50,1015.068
1132,2026-01-29 17:45:57,38.3,50,1015.044
1133,2026-01-29 17:50:57,38.4,50,1015.092
1134,2026-01-29 17:55:57,38.3,50,1015.091
1135,2026-01-29 18:00:57,38.3,50,1015.059
1136,2026-01-29 18:05:57,38.3,50,1015.114
1137,2026-01-29 18:10:57,38.4,50,1015.161
1138,2026-01-29 18:15:57,38.4,50,1015.278
1139,2026-01-29 18:20:57,38.3,50,1015.368
1140,2026-01-29 18:25:57,38.3,50,1015.399
1141,2026-01-29 18:30:57,38.1,50,1015.293
1142,2026-01-29 18:35:57,38.3,50,1015.307
1143,2026-01-29 18:40:57,38.3,50,1015.313
1144,2026-01-29 18:45:57,38.3,50,1015.342
1145,2026-01-29 18:50:57,38.3,51,1015.394
1146,2026-01-29 18:55:57,38.5,51,1015.493
1147,2026-01-29 19:00:57,38.5,51,1015.58
1148,2026-01-29 19:05:57,38.3,51,1015.681
1149,2026-01-29 19:10:57,38.5,51,1015.733
1150,2026-01-29 19:26:14,36.9,53,1015.735
1151,2026-01-29 19:31:14,36.9,54,1015.783
1152,2026-01-29 19:36:14,38.7,51,1015.791
1153,2026-01-29 19:41:14,39.0,50,1015.935
1154,2026-01-29 19:46:14,38.8,50,1015.893
1155,2026-01-29 19:51:14,38.9,50,1015.924
1156,2026-01-29 19:56:14,39.1,50,1016.017
1157,2026-01-29 20:01:14,39.2,50,1016.01
1158,2026-01-29 20:06:14,39.2,50,1016.195
1159,2026-01-29 20:11:14,38.9,50,1016.275
1160,2026-01-29 20:16:14,38.9,50,1016.305
1161,2026-01-29 20:21:14,38.8,50,1016.405
1162,2026-01-29 20:26:14,38.7,50,1016.464
1163,2026-01-29 20:31:14,38.7,50,1016.422
1164,2026-01-29 20:36:14,38.7,50,1016.474
1165,2026-01-29 20:41:14,38.7,50,1016.479
1166,2026-01-29 20:46:14,38.8,50,1016.571
1167,2026-01-29 20:51:14,38.9,49,1016.743
1168,2026-01-29 20:56:14,38.7,50,1016.866
1169,2026-01-29 21:01:14,38.9,50,1016.951
1170,2026-01-29 21:06:14,38.6,50,1017.07
1171,2026-01-29 21:11:14,38.7,50,1017.247
1172,2026-01-29 21:16:14,38.6,50,1017.317
1173,2026-01-29 21:21:14,38.7,50,1017.423
1174,2026-01-29 21:26:14,38.8,50,1017.519
1175,2026-01-29 21:31:14,38.7,50,1017.622
1176,2026-01-29 21:36:14,38.6,50,1017.674
1177,2026-01-29 21:41:14,38.6,50,1017.775
1178,2026-01-29 21:46:14,38.6,50,1017.753
1179,2026-01-29 21:51:14,38.5,51,1017.803
1180,2026-01-29 21:56:14,38.5,51,1017.891
1181,2026-01-29 22:01:14,38.5,51,1017.951
1182,2026-01-29 22:06:14,38.5,51,1017.954
1183,2026-01-29 22:11:14,38.6,51,1018.074
1184,2026-01-29 22:16:14,38.5,51,1018.151
1185,2026-01-29 22:21:14,38.5,51,1018.227
1186,2026-01-29 22:26:14,38.5,51,1018.275
1187,2026-01-29 22:31:14,38.5,51,1018.342
1188,2026-01-29 22:36:14,38.5,51,1018.403
1189,2026-01-29 22:41:14,38.6,51,1018.439
1190,2026-01-29 22:46:14,38.6,51,1018.603
1191,2026-01-29 22:51:14,38.5,51,1018.601
1192,2026-01-29 22:56:14,38.6,51,1018.614
1193,2026-01-29 23:01:14,38.5,51,1018.601
1194,2026-01-29 23:06:14,38.4,51,1018.545
1195,2026-01-29 23:11:14,38.5,51,1018.473
1196,2026-01-29 23:16:14,38.4,52,1018.381
1197,2026-01-29 23:21:14,38.2,52,1018.451
1198,2026-01-29 23:26:14,38.3,52,1018.502
1199,2026-01-29 23:31:14,38.4,52,1018.429
1200,2026-01-29 23:36:14,38.3,52,1018.47
1201,2026-01-29 23:41:14,38.4,52,1018.457
1202,2026-01-29 23:46:14,38.5,52,1018.484
1203,2026-01-29 23:51:14,38.1,52,1018.416
1204,2026-01-29 23:56:14,38.5,51,1018.417
1205,2026-01-30 00:01:14,38.7,51,1018.378
1206,2026-01-30 00:06:14,38.7,51,1018.434
1207,2026-01-30 00:11:14,38.6,51,1018.448
1208,2026-01-30 00:16:14,38.6,51,1018.422
1209,2026-01-30 00:21:14,37.5,53,1018.38
1210,2026-01-30 00:26:14,37.5,53,1018.365
1211,2026-01-30 00:31:14,37.3,53,1018.285
1212,2026-01-30 00:36:14,37.3,53,1018.356
1213,2026-01-30 00:41:14,37.5,53,1018.336
1214,2026-01-30 00:46:14,37.3,53,1018.282
1215,2026-01-30 00:51:14,37.3,53,1018.315
1216,2026-01-30 00:56:14,37.5,53,1018.199
1217,2026-01-30 01:01:14,37.5,53,1018.295
1218,2026-01-30 01:06:14,37.3,54,1018.281
1219,2026-01-30 01:11:14,37.3,54,1018.267
1220,2026-01-30 01:16:14,37.2,54,1018.253
1221,2026-01-30 01:21:14,37.2,54,1018.168
1222,2026-01-30 01:26:14,37.4,53,1018.135
1223,2026-01-30 01:31:14,37.2,54,1018.062
1224,2026-01-30 01:36:14,37.2,54,1018.015
1225,2026-01-30 01:41:14,37.4,53,1017.851
1226,2026-01-30 01:46:14,37.2,54,1017.796
1227,2026-01-30 01:51:14,37.3,54,1017.783
1228,2026-01-30 01:56:14,37.5,53,1017.731
1229,2026-01-30 02:01:14,37.2,54,1017.704
1230,2026-01-30 02:06:14,37.2,54,1017.72
1231,2026-01-30 02:11:14,37.2,54,1017.697
1232,2026-01-30 02:16:14,37.3,54,1017.595
1233,2026-01-30 02:21:14,37.3,54,1017.633
1234,2026-01-30 02:26:14,37.1,54,1017.498
1235,2026-01-30 02:31:14,37.2,54,1017.419
1236,2026-01-30 02:36:14,37.2,54,1017.433
1237,2026-01-30 02:41:14,37.2,54,1017.335
1238,2026-01-30 02:46:14,37.2,54,1017.27
1239,2026-01-30 02:51:14,37.2,54,1017.186
1240,2026-01-30 02:56:14,37.0,54,1017.137
1241,2026-01-30 03:01:14,37.1,54,1017.071
1242,2026-01-30 03:06:14,37.3,54,1016.976
1243,2026-01-30 03:11:14,37.2,54,1016.902
1244,2026-01-30 03:16:14,37.2,54,1016.811
1245,2026-01-30 03:21:14,37.1,54,1016.767
1246,2026-01-30 03:26:14,37.2,54,1016.661
1247,2026-01-30 03:31:14,37.1,54,1016.597
1248,2026-01-30 03:36:14,37.1,54,1016.5
1249,2026-01-30 03:41:14,37.1,54,1016.606
1250,2026-01-30 03:46:14,37.2,54,1016.681
1251,2026-01-30 03:51:14,37.1,54,1016.588
1252,2026-01-30 03:56:14,37.1,54,1016.626
1253,2026-01-30 04:01:14,37.1,54,1016.618
1254,2026-01-30 04:06:14,37.1,54,1016.605
1255,2026-01-30 04:11:14,37.1,54,1016.671
1256,2026-01-30 04:16:14,37.0,54,1016.573
1257,2026-01-30 04:21:14,37.1,54,1016.445
1258,2026-01-30 04:26:14,37.0,54,1016.491
1259,2026-01-30 04:31:14,37.1,54,1016.455
1260,2026-01-30 04:36:14,37.1,54,1016.48
1261,2026-01-30 04:41:14,37.0,54,1016.501
1262,2026-01-30 04:46:14,37.0,54,1016.558
1263,2026-01-30 04:51:14,37.1,53,1016.594
1264,2026-01-30 04:56:14,36.9,54,1016.549
1265,2026-01-30 05:01:14,37.1,54,1016.548
1266,2026-01-30 05:06:14,37.0,54,1016.639
1267,2026-01-30 05:11:14,37.0,54,1016.731
1268,2026-01-30 05:16:14,36.9,54,1016.774
1269,2026-01-30 05:21:14,37.0,54,1016.846
1270,2026-01-30 05:26:14,36.9,54,1016.861
1271,2026-01-30 05:31:14,37.0,54,1016.86
1272,2026-01-30 05:36:14,37.0,54,1016.938
1273,2026-01-30 05:41:14,36.9,54,1016.908
1274,2026-01-30 05:46:14,36.9,54,1016.909
1275,2026-01-30 05:51:14,36.9,54,1016.929
1276,2026-01-30 05:56:14,36.9,54,1016.966
1277,2026-01-30 06:01:14,36.9,54,1016.971
1278,2026-01-30 06:06:14,36.9,54,1016.976
1279,2026-01-30 06:11:14,36.9,54,1017.059
1280,2026-01-30 06:16:14,36.9,54,1017.034
1281,2026-01-30 06:21:14,37.0,54,1017.082
1282,2026-01-30 06:26:14,36.8,54,1017.107
1283,2026-01-30 06:31:14,36.9,54,1017.103
1284,2026-01-30 06:36:14,36.8,54,1017.086
1285,2026-01-30 06:41:14,36.7,54,1017.067
1286,2026-01-30 06:46:14,36.8,54,1017.056
1287,2026-01-30 06:51:14,36.8,54,1017.114
1288,2026-01-30 06:56:14,36.9,54,1017.215
1289,2026-01-30 07:01:14,37.0,54,1017.324
1290,2026-01-30 07:06:14,36.7,54,1017.434
1291,2026-01-30 07:11:14,36.8,54,1017.483
1292,2026-01-30 07:16:14,36.9,54,1017.564
1293,2026-01-30 07:21:14,36.9,54,1017.625
1294,2026-01-30 07:26:14,36.8,54,1017.663
1295,2026-01-30 07:31:14,36.8,54,1017.634
1296,2026-01-30 07:36:14,36.7,54,1017.665
1297,2026-01-30 07:41:14,36.7,54,1017.747
1298,2026-01-30 07:46:14,36.7,54,1017.741
1299,2026-01-30 07:51:14,36.6,54,1017.782
1300,2026-01-30 07:56:14,36.6,54,1017.801
1301,2026-01-30 08:01:14,36.5,54,1017.815
1302,2026-01-30 08:06:14,36.6,54,1017.875
1303,2026-01-30 08:11:14,37.5,53,1017.934
1304,2026-01-30 08:16:14,37.9,52,1018.012
1305,2026-01-30 08:21:14,37.9,52,1018.066
1306,2026-01-30 08:26:14,38.0,52,1018.184
1307,2026-01-30 08:31:14,38.0,52,1018.234
1308,2026-01-30 08:36:14,38.1,52,1018.217
1309,2026-01-30 08:41:14,37.9,52,1018.213
1310,2026-01-30 08:46:14,37.9,52,1018.239
1311,2026-01-30 08:51:14,37.8,52,1018.331
1312,2026-01-30 08:56:14,37.9,52,1018.469
1313,2026-01-30 09:01:14,38.1,52,1018.544
1314,2026-01-30 09:06:14,38.1,52,1018.646
1315,2026-01-30 09:11:14,37.7,52,1018.649
1316,2026-01-30 09:16:14,38.0,52,1018.707
1317,2026-01-30 09:21:14,38.0,52,1018.729
1318,2026-01-30 09:26:14,37.9,52,1018.762
1319,2026-01-30 09:31:14,37.9,52,1018.703
1320,2026-01-30 09:36:14,38.0,52,1018.683
1321,2026-01-30 09:41:14,38.0,52,1018.786
1322,2026-01-30 09:46:14,38.2,51,1018.865
1323,2026-01-30 09:51:14,38.5,51,1018.806
1324,2026-01-30 09:56:14,38.5,51,1018.793
1325,2026-01-30 10:01:14,38.4,51,1018.802
1326,2026-01-30 10:06:14,38.5,51,1018.821
1327,2026-01-30 10:11:14,38.3,51,1018.836
1328,2026-01-30 10:16:14,38.5,51,1018.78
1329,2026-01-30 10:21:14,38.5,51,1018.778
1330,2026-01-30 10:26:14,38.3,51,1018.762
1331,2026-01-30 10:31:14,38.5,51,1018.798
1332,2026-01-30 10:36:14,38.7,51,1018.802
1333,2026-01-30 10:41:14,38.7,50,1018.816
1334,2026-01-30 10:46:14,38.6,50,1018.844
1335,2026-01-30 10:51:14,38.7,49,1018.851
1336,2026-01-30 10:56:14,38.7,49,1018.878
1337,2026-01-30 11:01:14,38.8,49,1018.918
1338,2026-01-30 11:06:14,38.8,49,1018.79
1339,2026-01-30 11:11:14,38.7,50,1018.805
1340,2026-01-30 11:16:14,38.9,49,1018.832
1341,2026-01-30 11:21:14,38.9,49,1018.743
1342,2026-01-30 11:26:14,38.9,49,1018.715
1343,2026-01-30 11:31:14,38.8,49,1018.681
1344,2026-01-30 11:36:14,38.3,50,1018.61
1345,2026-01-30 11:41:14,38.9,49,1018.553
1346,2026-01-30 11:46:14,39.0,49,1018.464
1347,2026-01-30 11:51:14,38.7,50,1018.404
1348,2026-01-30 11:56:14,38.3,51,1018.418
1349,2026-01-30 12:01:14,38.8,50,1018.266
1350,2026-01-30 12:06:14,38.9,49,1018.063
1351,2026-01-30 12:11:14,38.3,49,1017.979
1352,2026-01-30 12:16:14,38.9,49,1017.938
1353,2026-01-30 12:21:14,39.1,48,1017.958
1354,2026-01-30 12:26:14,39.2,48,1017.87
1355,2026-01-30 12:31:14,38.9,48,1017.859
1356,2026-01-30 12:36:14,39.2,48,1017.777
1357,2026-01-30 12:41:14,39.0,48,1017.67
1358,2026-01-30 12:46:14,39.1,48,1017.563
1359,2026-01-30 12:51:14,38.9,48,1017.61
1360,2026-01-30 12:56:14,38.9,48,1017.499
1361,2026-01-30 13:01:14,38.9,48,1017.373
1362,2026-01-30 13:06:14,38.6,49,1017.292
1363,2026-01-30 13:11:14,38.9,48,1017.184
1364,2026-01-30 13:16:14,38.9,48,1017.078
1365,2026-01-30 13:21:14,38.7,48,1017.086
1366,2026-01-30 13:26:14,38.9,48,1017.044
1367,2026-01-30 13:31:14,38.9,48,1016.977
1368,2026-01-30 13:36:14,38.7,49,1016.943
1369,2026-01-30 13:41:14,38.8,49,1016.873
1370,2026-01-30 13:46:14,38.7,49,1016.776
1371,2026-01-30 13:51:14,38.7,49,1016.703
1372,2026-01-30 13:56:14,38.9,49,1016.656
1373,2026-01-30 14:01:14,38.8,49,1016.502
1374,2026-01-30 14:06:14,38.7,49,1016.443
1375,2026-01-30 14:11:14,38.7,49,1016.369
1376,2026-01-30 14:16:14,38.9,49,1016.272
1377,2026-01-30 14:21:14,38.7,48,1016.145
1378,2026-01-30 14:26:14,38.7,48,1016.025
1379,2026-01-30 14:31:14,38.9,48,1015.936
1380,2026-01-30 14:36:14,38.9,48,1015.907
1381,2026-01-30 14:41:14,38.8,48,1015.904
1382,2026-01-30 14:46:14,39.0,48,1015.833
1383,2026-01-30 14:51:14,39.0,48,1015.729
1384,2026-01-30 14:56:14,39.0,48,1015.677
1385,2026-01-30 15:01:14,38.8,48,1015.534
1386,2026-01-30 15:06:14,39.0,48,1015.582
1387,2026-01-30 15:11:14,39.2,48,1015.484
1388,2026-01-30 15:16:14,39.2,48,1015.421
1389,2026-01-30 15:21:14,39.2,48,1015.412
1390,2026-01-30 15:26:14,39.2,48,1015.269
1391,2026-01-30 15:31:14,39.1,48,1015.284
1392,2026-01-30 15:36:14,39.1,49,1015.255
1393,2026-01-30 15:41:14,39.1,49,1015.171
1394,2026-01-30 15:46:14,38.9,49,1015.215
1395,2026-01-30 15:51:14,39.2,49,1015.179
1396,2026-01-30 15:56:14,39.2,49,1015.177
1397,2026-01-30 16:01:14,39.2,49,1015.208
1398,2026-01-30 16:06:14,39.2,49,1015.192
1399,2026-01-30 16:11:14,39.1,48,1015.141
1400,2026-01-30 16:16:14,39.1,48,1015.144
1401,2026-01-30 16:21:14,39.1,48,1015.156
1402,2026-01-30 16:26:14,39.1,48,1015.229
1403,2026-01-30 16:31:14,39.1,48,1015.241
1404,2026-01-30 16:36:14,39.3,48,1015.2
1405,2026-01-30 16:41:14,39.1,48,1015.156
1406,2026-01-30 16:46:14,39.2,48,1015.2
1407,2026-01-30 16:51:14,39.2,48,1015.205
1408,2026-01-30 16:56:14,39.2,48,1015.162
1409,2026-01-30 17:01:14,39.1,49,1015.181
1410,2026-01-30 17:06:14,39.2,49,1015.149
1411,2026-01-30 17:11:14,39.3,48,1015.088
1412,2026-01-30 17:16:14,39.2,48,1015.1
1413,2026-01-30 17:21:14,38.1,50,1015.166
1414,2026-01-30 17:26:14,38.0,50,1015.152
1415,2026-01-30 17:31:14,38.1,50,1015.202
1416,2026-01-30 17:36:14,38.0,50,1015.247
1417,2026-01-30 17:41:14,38.0,50,1015.305
1418,2026-01-30 17:46:14,38.1,50,1015.351
1419,2026-01-30 17:51:14,38.2,50,1015.408
1420,2026-01-30 17:56:14,38.0,50,1015.481
1421,2026-01-30 18:01:14,38.0,50,1015.579
1422,2026-01-30 18:06:14,38.0,50,1015.575
1423,2026-01-30 18:11:14,37.9,50,1015.666
1424,2026-01-30 18:16:14,38.1,50,1015.684
1425,2026-01-30 18:21:14,37.9,50,1015.717
1426,2026-01-30 18:26:14,38.0,50,1015.814
1427,2026-01-30 18:31:14,38.0,50,1015.86
1428,2026-01-30 18:36:14,38.0,50,1015.899
1429,2026-01-30 18:41:14,38.0,50,1015.957
1430,2026-01-30 18:46:14,37.9,50,1015.989
1431,2026-01-30 18:51:14,38.1,50,1016.039
1432,2026-01-30 18:56:14,38.0,50,1016.072
1433,2026-01-30 19:01:14,38.0,50,1016.147
1434,2026-01-30 19:06:14,38.0,50,1016.246
1435,2026-01-30 19:11:14,37.9,51,1016.204
1436,2026-01-30 19:16:14,38.9,49,1016.197
1437,2026-01-30 19:26:14,39.0,49,1016.344
1438,2026-01-30 19:31:14,39.0,49,1016.354
1439,2026-01-30 19:36:14,39.0,49,1016.389
1440,2026-01-30 19:41:14,39.0,49,1016.436
1441,2026-01-30 19:46:14,39.0,49,1016.552
1442,2026-01-30 19:51:14,38.9,49,1016.647
1443,2026-01-30 19:56:14,38.9,49,1016.729
1444,2026-01-30 20:01:14,39.0,49,1016.777
1445,2026-01-30 20:06:14,38.8,49,1016.798
1446,2026-01-30 20:11:14,38.8,49,1016.85
1447,2026-01-30 20:16:14,38.9,49,1016.872
1448,2026-01-30 20:21:14,39.0,49,1016.867
1449,2026-01-30 20:26:14,39.0,49,1016.903
1450,2026-01-30 20:31:14,39.0,49,1016.972
1451,2026-01-30 20:36:14,38.9,50,1016.935
1452,2026-01-30 20:41:14,38.9,50,1017.012
1453,2026-01-30 20:46:14,39.0,50,1017.02
1454,2026-01-30 20:51:14,39.0,50,1016.979
1455,2026-01-30 20:56:14,39.2,50,1016.966
1456,2026-01-30 21:01:14,39.3,49,1017.052
1457,2026-01-30 21:06:14,39.3,49,1017.119
1458,2026-01-30 21:11:14,39.3,49,1017.134
1459,2026-01-30 21:16:14,39.3,49,1017.224
1460,2026-01-30 21:21:14,39.3,49,1017.321
1461,2026-01-30 21:26:14,39.4,49,1017.424
1462,2026-01-30 21:31:14,39.3,49,1017.531
1463,2026-01-30 21:36:14,39.3,49,1017.611
1464,2026-01-30 21:41:14,39.3,49,1017.621
1465,2026-01-30 21:46:14,39.3,49,1017.717
1466,2026-01-30 21:51:14,39.3,49,1017.755
1467,2026-01-30 21:56:14,39.4,49,1017.811
1468,2026-01-30 22:01:14,39.4,49,1017.801
1469,2026-01-30 22:06:14,39.3,50,1017.856
1470,2026-01-30 22:11:14,39.3,50,1017.922
1471,2026-01-30 22:16:14,39.2,50,1017.915
1472,2026-01-30 22:21:14,39.1,50,1017.953
1473,2026-01-30 22:26:14,39.1,50,1017.983
1474,2026-01-30 22:31:14,39.1,50,1018.067
1475,2026-01-30 22:36:14,39.1,50,1018.111
1476,2026-01-30 22:41:14,39.3,50,1018.17
1477,2026-01-30 22:46:14,39.3,50,1018.225
1478,2026-01-30 22:51:14,39.1,50,1018.218
1479,2026-01-30 22:56:14,39.1,50,1018.171
1480,2026-01-30 23:01:14,39.1,50,1018.086
1481,2026-01-30 23:06:14,39.0,50,1018.06
1482,2026-01-30 23:11:14,39.0,50,1018.152
1483,2026-01-30 23:16:14,39.1,50,1018.232
1484,2026-01-30 23:21:14,39.0,51,1018.322
1485,2026-01-30 23:26:14,39.0,51,1018.322
1486,2026-01-30 23:31:14,39.0,51,1018.349
1487,2026-01-30 23:36:14,38.9,51,1018.398
1488,2026-01-30 23:41:14,39.0,51,1018.366
1489,2026-01-30 23:46:14,39.0,51,1018.421
1490,2026-01-30 23:51:14,38.9,51,1018.347
1491,2026-01-30 23:56:14,39.0,51,1018.387
1492,2026-01-31 00:01:14,39.0,51,1018.437
1493,2026-01-31 00:06:14,39.1,51,1018.345
1494,2026-01-31 00:11:14,39.1,51,1018.308
1495,2026-01-31 00:16:14,39.2,50,1018.22
1496,2026-01-31 00:21:14,39.1,50,1018.215
1497,2026-01-31 00:26:14,39.2,50,1018.269
1498,2026-01-31 00:31:14,39.2,50,1018.179
1499,2026-01-31 00:36:14,39.1,50,1018.2
1500,2026-01-31 00:41:14,39.1,50,1018.257
1501,2026-01-31 00:46:14,39.3,50,1018.242
1502,2026-01-31 00:51:14,39.4,50,1018.181
1503,2026-01-31 00:56:14,39.5,50,1018.138
1504,2026-01-31 01:01:14,39.5,50,1018.031
1505,2026-01-31 01:06:14,39.5,50,1018.064
1506,2026-01-31 01:11:14,39.6,50,1018.002
1507,2026-01-31 01:16:14,39.6,50,1017.935
1508,2026-01-31 01:21:14,39.6,50,1017.849
1509,2026-01-31 01:26:14,39.6,50,1017.802
1510,2026-01-31 01:31:14,38.7,51,1017.782
1511,2026-01-31 01:36:14,38.5,52,1017.696
1512,2026-01-31 01:41:14,38.3,52,1017.626
1513,2026-01-31 01:46:14,38.3,52,1017.537
1514,2026-01-31 01:51:14,38.2,52,1017.386
1515,2026-01-31 01:56:14,38.3,52,1017.338
1516,2026-01-31 02:01:14,38.2,52,1017.266
1517,2026-01-31 02:06:14,38.3,52,1017.11
1518,2026-01-31 02:11:14,38.2,52,1017.086
1519,2026-01-31 02:16:14,38.1,52,1017.081
1520,2026-01-31 02:21:14,38.1,52,1016.945
1521,2026-01-31 02:26:14,38.1,52,1016.819
1522,2026-01-31 02:31:14,38.1,52,1016.816
1523,2026-01-31 02:36:14,38.1,52,1016.811
1524,2026-01-31 02:41:14,38.0,53,1016.824
1525,2026-01-31 02:46:14,38.1,52,1016.787
1526,2026-01-31 02:51:14,38.1,53,1016.71
1527,2026-01-31 02:56:14,37.9,52,1016.672
1528,2026-01-31 03:01:14,37.8,53,1016.683
1529,2026-01-31 03:06:14,37.9,53,1016.716
1530,2026-01-31 03:11:14,38.0,52,1016.58
1531,2026-01-31 03:16:14,38.0,52,1016.603
1532,2026-01-31 03:21:14,38.0,52,1016.556
1533,2026-01-31 03:26:14,38.1,52,1016.485
1534,2026-01-31 03:31:14,37.9,53,1016.474
1535,2026-01-31 03:36:14,38.0,53,1016.363
1536,2026-01-31 03:41:14,38.0,52,1016.354
1537,2026-01-31 03:46:14,37.9,53,1016.29
1538,2026-01-31 03:51:14,37.9,53,1016.248
1539,2026-01-31 03:56:14,37.9,53,1016.181
1540,2026-01-31 04:01:14,38.0,52,1016.185
1541,2026-01-31 04:06:14,37.9,53,1016.155
1542,2026-01-31 04:11:14,38.0,52,1016.14
1543,2026-01-31 04:16:14,38.0,52,1016.124
1544,2026-01-31 04:21:14,37.7,53,1016.092
1545,2026-01-31 04:26:14,37.8,53,1016.097
1546,2026-01-31 04:31:14,37.8,53,1016.036
1547,2026-01-31 04:36:14,37.8,53,1016.007
1548,2026-01-31 04:41:14,37.8,53,1015.986
1549,2026-01-31 04:46:14,37.9,52,1015.986
1550,2026-01-31 04:51:14,37.8,53,1015.845
1551,2026-01-31 04:56:14,37.8,53,1015.854
1552,2026-01-31 05:01:14,37.7,53,1015.861
1553,2026-01-31 05:06:14,37.9,53,1015.869
1554,2026-01-31 05:11:14,37.8,53,1015.873
1555,2026-01-31 05:16:14,37.8,53,1015.876
1556,2026-01-31 05:21:14,37.8,53,1015.824
1557,2026-01-31 05:26:14,37.7,53,1015.868
1558,2026-01-31 05:31:14,37.8,53,1015.833
1559,2026-01-31 05:36:14,37.7,53,1015.838
1560,2026-01-31 05:41:14,37.8,53,1015.744
1561,2026-01-31 05:46:14,37.8,53,1015.813
1562,2026-01-31 05:51:14,37.8,53,1015.862
1563,2026-01-31 05:56:14,37.7,53,1015.909
1564,2026-01-31 06:01:14,37.7,53,1016.011
1565,2026-01-31 06:06:14,37.8,53,1016.007
1566,2026-01-31 06:11:14,37.5,53,1016.049
1567,2026-01-31 06:16:14,37.6,53,1016.069
1568,2026-01-31 06:21:14,37.7,53,1016.057
1569,2026-01-31 06:26:14,37.7,53,1016.187
1570,2026-01-31 06:31:14,37.7,52,1016.259
1571,2026-01-31 06:36:14,37.7,53,1016.255
1572,2026-01-31 06:41:14,37.5,53,1016.241
1573,2026-01-31 06:46:14,37.7,53,1016.286
1574,2026-01-31 06:51:14,37.5,53,1016.268
1575,2026-01-31 06:56:14,37.5,53,1016.308
1576,2026-01-31 07:01:14,37.5,53,1016.344
1577,2026-01-31 07:06:14,37.5,53,1016.442
1578,2026-01-31 07:11:14,37.5,53,1016.558
1579,2026-01-31 07:16:14,37.5,53,1016.602
1580,2026-01-31 07:21:14,37.5,53,1016.664
1581,2026-01-31 07:26:14,37.5,53,1016.761
1582,2026-01-31 07:31:14,37.5,53,1016.874
1583,2026-01-31 07:36:14,37.5,53,1017.023
1584,2026-01-31 07:41:14,37.5,53,1017.048
1585,2026-01-31 07:46:14,37.5,53,1017.118
1586,2026-01-31 07:51:14,37.5,53,1017.193
1587,2026-01-31 07:56:14,37.5,53,1017.327
1588,2026-01-31 08:01:14,37.5,53,1017.42
1589,2026-01-31 08:06:14,37.5,53,1017.613
1590,2026-01-31 08:11:14,37.5,53,1017.817
1591,2026-01-31 08:16:14,37.5,53,1017.856
1592,2026-01-31 08:21:14,37.4,53,1017.974
1593,2026-01-31 08:26:14,37.4,53,1018.046
1594,2026-01-31 08:31:14,37.5,53,1018.127
1595,2026-01-31 08:36:14,37.5,53,1018.336
1596,2026-01-31 08:41:14,37.3,53,1018.47
1597,2026-01-31 08:46:14,38.1,52,1018.608
1598,2026-01-31 08:51:14,38.2,52,1018.713
1599,2026-01-31 08:56:14,38.2,52,1018.783
1600,2026-01-31 09:01:14,38.3,52,1018.884
1601,2026-01-31 09:06:14,38.3,52,1018.873
1602,2026-01-31 09:11:14,38.1,52,1018.938
1603,2026-01-31 09:16:14,38.3,52,1018.988
1604,2026-01-31 09:21:14,38.3,52,1019.099
1605,2026-01-31 09:26:14,38.3,52,1019.106
1606,2026-01-31 09:31:14,38.2,52,1019.123
1607,2026-01-31 09:36:14,38.3,51,1019.234
1608,2026-01-31 09:41:14,38.2,51,1019.23
1609,2026-01-31 09:46:14,38.2,51,1019.259
1610,2026-01-31 09:51:14,38.3,51,1019.261
1611,2026-01-31 09:56:14,38.3,51,1019.259
1612,2026-01-31 10:01:14,38.3,51,1019.284
1613,2026-01-31 10:06:14,38.3,51,1019.252
1614,2026-01-31 10:11:14,38.2,51,1019.202
1615,2026-01-31 10:16:14,38.2,51,1019.294
1616,2026-01-31 10:21:14,38.3,51,1019.326
1617,2026-01-31 10:26:14,38.3,50,1019.279
1618,2026-01-31 10:31:14,38.5,50,1019.35
1619,2026-01-31 10:36:14,38.7,50,1019.344
1620,2026-01-31 10:41:14,38.6,50,1019.399
1621,2026-01-31 10:46:14,38.6,50,1019.418
1622,2026-01-31 10:51:14,38.6,50,1019.371
1623,2026-01-31 10:56:14,38.7,50,1019.361
1624,2026-01-31 11:01:14,38.7,49,1019.382
1625,2026-01-31 11:06:14,38.8,49,1019.349
1626,2026-01-31 11:11:14,38.7,49,1019.323
1627,2026-01-31 11:16:14,38.8,49,1019.272
1628,2026-01-31 11:21:14,38.8,50,1019.229
1629,2026-01-31 11:26:14,38.8,49,1019.176
1630,2026-01-31 11:31:14,38.7,49,1019.132
1631,2026-01-31 11:36:14,38.6,49,1019.131
1632,2026-01-31 11:41:14,38.9,49,1019.062
1633,2026-01-31 11:46:14,38.7,48,1018.999
1634,2026-01-31 11:51:14,38.9,48,1018.866
1635,2026-01-31 11:56:14,38.7,48,1018.864
1636,2026-01-31 12:01:14,38.9,48,1018.805
1637,2026-01-31 12:06:14,38.9,48,1018.692
1638,2026-01-31 12:11:14,38.9,48,1018.664
1639,2026-01-31 12:16:14,38.7,48,1018.553
1640,2026-01-31 12:21:14,38.6,48,1018.439
1641,2026-01-31 12:26:14,38.8,48,1018.427
1642,2026-01-31 12:31:14,38.8,48,1018.277
1643,2026-01-31 12:36:14,38.9,48,1018.24
1644,2026-01-31 12:41:14,39.0,48,1018.245
1645,2026-01-31 12:46:14,39.0,48,1018.179
1646,2026-01-31 12:51:14,38.9,48,1018.171
1647,2026-01-31 12:56:14,38.9,48,1018.072
1648,2026-01-31 13:01:14,38.9,48,1018.062
1649,2026-01-31 13:06:14,39.0,48,1017.979
1650,2026-01-31 13:11:14,39.0,48,1017.944
1651,2026-01-31 13:16:14,39.1,47,1017.822
1652,2026-01-31 13:21:14,39.0,48,1017.773
1653,2026-01-31 13:26:14,39.3,48,1017.601
1654,2026-01-31 13:31:14,39.3,47,1017.604
1655,2026-01-31 13:36:14,39.3,47,1017.531
1656,2026-01-31 13:41:14,39.4,47,1017.52
1657,2026-01-31 13:46:14,39.3,47,1017.391
1658,2026-01-31 13:51:14,39.4,47,1017.259
1659,2026-01-31 13:56:14,39.4,47,1017.203
1660,2026-01-31 14:01:14,39.5,47,1017.125
1661,2026-01-31 14:06:14,39.5,47,1016.98
1662,2026-01-31 14:11:14,39.6,46,1016.864
1663,2026-01-31 14:16:14,39.5,46,1016.801
1664,2026-01-31 14:21:14,39.6,46,1016.704
1665,2026-01-31 14:26:14,39.7,46,1016.631
1666,2026-01-31 14:31:14,39.6,46,1016.623
1667,2026-01-31 14:36:14,39.8,46,1016.6
1668,2026-01-31 14:41:14,39.8,46,1016.574
1669,2026-01-31 14:46:14,39.8,46,1016.433
1670,2026-01-31 14:51:14,39.8,46,1016.308
1671,2026-01-31 14:56:14,39.8,46,1016.249
1672,2026-01-31 15:01:14,39.9,46,1016.094
1673,2026-01-31 15:06:14,39.9,46,1016.119
1674,2026-01-31 15:11:14,40.0,46,1015.995
1675,2026-01-31 15:16:14,40.0,46,1015.85
1676,2026-01-31 15:21:14,40.0,46,1015.743
1677,2026-01-31 15:26:14,40.0,46,1015.677
1678,2026-01-31 15:31:14,40.0,46,1015.505
1679,2026-01-31 15:36:14,40.0,46,1015.508
1680,2026-01-31 15:41:14,40.0,46,1015.387
1681,2026-01-31 15:46:14,39.9,46,1015.387
1682,2026-01-31 15:51:14,40.0,46,1015.304
1683,2026-01-31 15:56:14,40.0,46,1015.304
1684,2026-01-31 16:01:14,40.1,46,1015.25
1685,2026-01-31 16:06:14,40.1,46,1015.321
1686,2026-01-31 16:11:14,40.3,46,1015.211
1687,2026-01-31 16:16:14,40.4,45,1015.225
1688,2026-01-31 16:21:14,40.3,46,1015.143
1689,2026-01-31 16:26:14,40.3,46,1015.075
1690,2026-01-31 16:31:14,40.3,46,1015.097
1691,2026-01-31 16:36:14,40.3,46,1015.112
1692,2026-01-31 16:41:14,40.4,46,1015.141
1693,2026-01-31 16:46:14,40.4,46,1015.173
1694,2026-01-31 16:51:14,40.3,46,1015.144
1695,2026-01-31 16:56:14,40.5,46,1015.062
1696,2026-01-31 17:01:14,40.5,46,1014.954
1697,2026-01-31 17:06:14,40.6,46,1015.064
1698,2026-01-31 17:11:14,40.3,46,1015.007
1699,2026-01-31 17:16:14,40.2,47,1014.947
1700,2026-01-31 17:21:14,40.4,46,1014.996
1701,2026-01-31 17:26:14,40.3,47,1014.917
1702,2026-01-31 17:31:14,40.6,46,1015.005
1703,2026-01-31 17:36:14,40.5,47,1014.946
1704,2026-01-31 17:41:14,39.7,47,1014.895
1705,2026-01-31 17:46:14,39.5,48,1014.978
1706,2026-01-31 17:51:14,39.4,48,1014.977
1707,2026-01-31 17:56:14,39.4,48,1014.99
1708,2026-01-31 18:01:14,39.4,48,1015.049
1709,2026-01-31 18:06:14,39.3,48,1015.104
1710,2026-01-31 18:11:14,39.2,48,1015.142
1711,2026-01-31 18:16:14,39.3,48,1015.195
1712,2026-01-31 18:21:14,39.4,48,1015.186
1713,2026-01-31 18:26:14,39.3,48,1015.264
1714,2026-01-31 18:31:14,39.2,48,1015.29
1715,2026-01-31 18:36:14,39.2,48,1015.35
1716,2026-01-31 18:41:14,39.0,49,1015.429
1717,2026-01-31 18:46:14,39.2,48,1015.564
1718,2026-01-31 18:51:14,39.7,47,1015.733
1719,2026-01-31 18:56:14,40.0,47,1015.903
1720,2026-01-31 19:01:14,39.8,47,1015.918
1721,2026-01-31 19:06:14,39.9,47,1015.903
1722,2026-01-31 19:11:14,39.8,47,1015.999
1723,2026-01-31 19:16:14,39.7,47,1016.067
1724,2026-01-31 19:21:14,39.7,47,1016.057
1725,2026-01-31 19:26:14,39.7,47,1016.132
1726,2026-01-31 19:31:14,39.7,48,1016.186
1727,2026-01-31 19:36:14,39.7,48,1016.248
1728,2026-01-31 19:41:14,39.6,48,1016.33
1729,2026-01-31 19:46:14,39.6,48,1016.29
1730,2026-01-31 19:51:14,39.5,48,1016.444
1731,2026-01-31 19:56:14,39.5,48,1016.429
1732,2026-01-31 20:01:14,39.6,48,1016.478
1733,2026-01-31 20:06:14,39.5,48,1016.611
1734,2026-01-31 20:11:14,39.5,48,1016.711
1735,2026-01-31 20:16:14,39.4,49,1016.787
1736,2026-01-31 20:21:14,39.5,49,1016.876
1737,2026-01-31 20:26:14,39.6,49,1016.966
1738,2026-01-31 20:31:14,39.6,49,1017.013
1739,2026-01-31 20:36:14,39.5,49,1017.132
1740,2026-01-31 20:41:14,39.5,49,1017.104
1741,2026-01-31 20:46:14,39.5,49,1017.046
1742,2026-01-31 20:51:14,39.5,49,1017.083
1743,2026-01-31 20:56:14,39.4,49,1017.2
1744,2026-01-31 21:01:14,39.4,49,1017.231
1745,2026-01-31 21:06:14,39.4,49,1017.205
1746,2026-01-31 21:11:14,39.5,49,1017.256
1747,2026-01-31 21:16:14,39.4,49,1017.297
1748,2026-01-31 21:21:14,39.4,50,1017.389
1749,2026-01-31 21:26:14,39.4,50,1017.401
1750,2026-01-31 21:31:14,39.5,50,1017.444
1751,2026-01-31 21:36:14,39.3,50,1017.517
1752,2026-01-31 21:41:14,39.4,50,1017.613
1753,2026-01-31 21:46:14,39.4,50,1017.693
1754,2026-01-31 21:51:14,39.3,50,1017.823
1755,2026-01-31 21:56:14,39.4,50,1017.928
1756,2026-01-31 22:01:14,39.3,50,1017.946
1757,2026-01-31 22:06:14,39.3,50,1018.007
1758,2026-01-31 22:11:14,39.3,50,1018.05
1759,2026-01-31 22:16:14,39.3,51,1018.073
1760,2026-01-31 22:21:14,39.3,51,1018.116
1761,2026-01-31 22:26:14,39.3,51,1018.153
1762,2026-01-31 22:31:14,39.3,51,1018.25
1763,2026-01-31 22:36:14,39.3,51,1018.226
1764,2026-01-31 22:41:14,39.3,51,1018.2
1765,2026-01-31 22:46:14,39.2,51,1018.23
1766,2026-01-31 22:51:14,39.3,51,1018.17
1767,2026-01-31 22:56:14,39.2,51,1018.124
1768,2026-01-31 23:01:14,39.3,51,1018.026
1769,2026-01-31 23:06:14,39.3,51,1017.912
1770,2026-01-31 23:11:14,39.2,51,1017.936
1771,2026-01-31 23:16:14,39.2,51,1017.92
1772,2026-01-31 23:21:14,39.2,51,1017.873
1773,2026-01-31 23:26:14,39.2,51,1017.868
1774,2026-01-31 23:31:14,39.2,51,1017.92
1775,2026-01-31 23:36:14,39.3,51,1017.894
1776,2026-01-31 23:41:14,39.2,51,1017.913
1777,2026-01-31 23:46:14,39.2,51,1017.854
1778,2026-01-31 23:51:14,39.2,51,1017.93
1779,2026-01-31 23:56:14,39.1,51,1017.895
1780,2026-02-01 00:01:15,39.1,51,1017.963
1781,2026-02-01 00:06:15,39.1,51,1017.994
1782,2026-02-01 00:11:15,39.0,51,1018.009
1783,2026-02-01 00:16:15,39.0,51,1018.056
1784,2026-02-01 00:21:15,39.0,51,1018.04
1785,2026-02-01 00:26:15,39.0,51,1017.917
1786,2026-02-01 00:31:15,39.0,51,1017.895
1787,2026-02-01 00:36:15,39.0,51,1017.848
1788,2026-02-01 00:41:15,38.9,51,1017.881
1789,2026-02-01 00:46:15,38.9,51,1017.807
1790,2026-02-01 00:51:15,39.0,51,1017.872
1791,2026-02-01 00:56:15,38.9,51,1017.728
1792,2026-02-01 01:01:15,38.9,52,1017.655
1793,2026-02-01 01:06:15,38.9,51,1017.599
1794,2026-02-01 01:11:15,38.9,52,1017.491
1795,2026-02-01 01:16:15,38.9,52,1017.366
1796,2026-02-01 01:21:15,38.9,52,1017.243
1797,2026-02-01 01:26:15,38.4,53,1017.12
1798,2026-02-01 01:31:15,38.3,53,1017.048
1799,2026-02-01 01:36:15,38.1,54,1017.115
1800,2026-02-01 01:41:15,38.3,53,1017.064
1801,2026-02-01 01:46:15,38.3,53,1016.871
1802,2026-02-01 01:51:15,38.3,53,1016.852
1803,2026-02-01 01:56:15,38.3,53,1016.783
1804,2026-02-01 02:01:15,38.4,53,1016.749
1805,2026-02-01 02:06:15,38.3,53,1016.726
1806,2026-02-01 02:11:15,38.3,53,1016.668
1807,2026-02-01 02:16:15,38.3,53,1016.577
1808,2026-02-01 02:21:15,38.3,53,1016.483
1809,2026-02-01 02:26:15,38.3,53,1016.401
1810,2026-02-01 02:31:15,38.3,53,1016.322
1811,2026-02-01 02:36:15,38.3,53,1016.243
1812,2026-02-01 02:41:15,38.3,53,1016.224
1813,2026-02-01 02:46:15,38.2,53,1016.116
1814,2026-02-01 02:51:15,38.3,53,1016.054
1815,2026-02-01 02:56:15,38.3,53,1015.969
1816,2026-02-01 03:01:15,38.3,53,1015.99
1817,2026-02-01 03:06:15,38.3,53,1015.801
1818,2026-02-01 03:11:15,38.1,53,1015.707
1819,2026-02-01 03:16:15,38.3,53,1015.767
1820,2026-02-01 03:21:15,38.3,53,1015.661
1821,2026-02-01 03:26:15,38.2,53,1015.606
1822,2026-02-01 03:31:15,38.3,53,1015.57
1823,2026-02-01 03:36:15,38.3,53,1015.54
1824,2026-02-01 03:41:15,38.1,53,1015.55
1825,2026-02-01 03:46:15,38.2,53,1015.619
1826,2026-02-01 03:51:15,38.2,53,1015.622
1827,2026-02-01 04:01:15,38.1,53,1015.571
1828,2026-02-01 04:06:15,38.1,53,1015.484
1829,2026-02-01 04:11:15,38.3,53,1015.382
1830,2026-02-01 04:16:15,38.1,53,1015.345
1831,2026-02-01 04:21:15,38.1,53,1015.231
1832,2026-02-01 04:26:15,38.1,53,1015.202
1833,2026-02-01 04:31:15,38.1,53,1015.171
1834,2026-02-01 04:36:15,38.2,53,1015.15
1835,2026-02-01 04:41:15,38.1,53,1015.14
1836,2026-02-01 04:46:15,38.1,53,1015.203
1837,2026-02-01 04:51:15,38.1,53,1015.153
1838,2026-02-01 04:56:15,38.1,53,1015.25
1839,2026-02-01 05:01:15,38.1,53,1015.262
1840,2026-02-01 05:06:15,38.1,53,1015.304
1841,2026-02-01 05:11:15,38.1,53,1015.338
1842,2026-02-01 05:16:15,38.0,53,1015.232
1843,2026-02-01 05:21:15,38.1,53,1015.196
1844,2026-02-01 05:26:15,38.1,53,1015.216
1845,2026-02-01 05:31:15,38.1,53,1015.233
1846,2026-02-01 05:36:15,37.9,53,1015.35
1847,2026-02-01 05:41:15,38.1,53,1015.421
1848,2026-02-01 05:46:15,38.0,53,1015.486
1849,2026-02-01 05:51:15,38.1,53,1015.445
1850,2026-02-01 05:56:15,38.0,53,1015.407
1851,2026-02-01 06:01:15,37.9,53,1015.509
1852,2026-02-01 06:06:15,38.0,53,1015.524
1853,2026-02-01 06:11:15,38.0,53,1015.661
1854,2026-02-01 06:16:15,38.0,53,1015.68
1855,2026-02-01 06:21:15,38.0,53,1015.701
1856,2026-02-01 06:26:15,38.0,53,1015.714
1857,2026-02-01 06:31:15,37.9,53,1015.728
1858,2026-02-01 06:36:15,37.8,53,1015.842
1859,2026-02-01 06:41:15,37.9,53,1015.92
1860,2026-02-01 06:46:15,38.0,53,1015.864
1861,2026-02-01 06:51:15,38.0,53,1015.922
1862,2026-02-01 06:56:15,37.9,53,1015.995
1863,2026-02-01 07:01:15,37.9,53,1016.08
1864,2026-02-01 07:06:15,37.9,53,1016.096
1865,2026-02-01 07:11:15,37.9,53,1016.216
1866,2026-02-01 07:16:15,37.9,53,1016.288
1867,2026-02-01 07:21:15,37.9,53,1016.331
1868,2026-02-01 07:26:15,37.7,54,1016.325
1869,2026-02-01 07:31:15,37.8,53,1016.311
1870,2026-02-01 07:36:15,37.8,53,1016.482
1871,2026-02-01 07:41:15,37.8,53,1016.65
1872,2026-02-01 07:46:15,37.8,53,1016.845
1873,2026-02-01 07:51:15,38.3,52,1016.979
1874,2026-02-01 07:56:15,38.5,52,1017.012
1875,2026-02-01 08:01:15,38.3,52,1017.095
1876,2026-02-01 08:06:15,38.4,52,1017.224
1877,2026-02-01 08:11:15,38.3,53,1017.304
1878,2026-02-01 08:16:15,38.3,53,1017.386
1879,2026-02-01 08:21:15,38.3,52,1017.448
1880,2026-02-01 08:26:15,38.3,53,1017.552
1881,2026-02-01 08:31:15,38.3,53,1017.58
1882,2026-02-01 08:36:15,38.3,53,1017.706
1883,2026-02-01 08:41:15,38.3,53,1017.764
1884,2026-02-01 08:46:15,38.3,52,1017.808
1885,2026-02-01 08:51:15,38.3,52,1017.807
1886,2026-02-01 08:56:15,38.3,52,1017.906
1887,2026-02-01 09:01:15,38.3,52,1017.946
1888,2026-02-01 09:06:15,38.3,52,1017.929
1889,2026-02-01 09:11:15,38.3,52,1017.956
1890,2026-02-01 09:16:15,38.3,52,1018.021
1891,2026-02-01 09:21:15,38.3,52,1018.124
1892,2026-02-01 09:26:15,38.2,52,1018.088
1893,2026-02-01 09:31:15,38.3,52,1018.165
1894,2026-02-01 09:36:15,38.3,52,1018.158
1895,2026-02-01 09:41:15,38.3,52,1018.21
1896,2026-02-01 09:46:15,38.2,52,1018.254
1897,2026-02-01 09:51:15,38.3,52,1018.293
1898,2026-02-01 09:56:15,38.3,52,1018.25
1899,2026-02-01 10:01:15,38.1,52,1018.341
1900,2026-02-01 10:06:15,38.3,52,1018.328
1901,2026-02-01 10:11:15,38.3,52,1018.271
1902,2026-02-01 10:16:15,38.2,52,1018.268
1903,2026-02-01 10:21:15,38.1,52,1018.26
1904,2026-02-01 10:26:15,38.1,52,1018.189
1905,2026-02-01 10:31:15,38.1,51,1018.183
1906,2026-02-01 10:36:15,38.2,51,1018.258
1907,2026-02-01 10:41:15,38.1,51,1018.129
1908,2026-02-01 10:46:15,38.4,50,1018.091
1909,2026-02-01 10:51:15,38.6,50,1018.059
1910,2026-02-01 10:56:15,38.7,50,1018.089
1911,2026-02-01 11:01:15,38.8,49,1018.079
1912,2026-02-01 11:06:15,38.9,49,1017.962
1913,2026-02-01 11:11:15,39.0,49,1017.904
1914,2026-02-01 11:16:15,39.1,49,1017.953
1915,2026-02-01 11:21:15,39.0,49,1017.943
1916,2026-02-01 11:26:15,38.9,49,1017.851
1917,2026-02-01 11:31:15,39.0,49,1017.776
1918,2026-02-01 11:36:15,39.0,49,1017.718
1919,2026-02-01 11:41:15,39.0,49,1017.725
1920,2026-02-01 11:46:15,38.9,49,1017.591
1921,2026-02-01 11:51:15,39.0,48,1017.511
1922,2026-02-01 11:56:15,39.0,48,1017.461
1923,2026-02-01 12:01:15,39.0,48,1017.38
1924,2026-02-01 12:06:15,38.9,48,1017.37
1925,2026-02-01 12:11:15,38.7,49,1017.374
1926,2026-02-01 12:16:15,39.0,48,1017.362
1927,2026-02-01 12:21:15,38.9,49,1017.244
1928,2026-02-01 12:26:15,38.9,49,1017.302
1929,2026-02-01 12:31:15,38.9,48,1017.282
1930,2026-02-01 12:36:15,38.9,48,1017.225
1931,2026-02-01 12:41:15,38.9,48,1017.191
1932,2026-02-01 12:46:15,39.1,48,1017.067
1933,2026-02-01 12:51:15,39.0,47,1017.022
1934,2026-02-01 12:56:15,39.2,48,1016.916
1935,2026-02-01 13:01:15,39.2,48,1016.779
1936,2026-02-01 13:06:15,39.3,48,1016.828
1937,2026-02-01 13:11:15,39.2,48,1016.738
1938,2026-02-01 13:16:15,39.4,48,1016.724
1939,2026-02-01 13:21:15,39.4,48,1016.616
1940,2026-02-01 13:26:15,39.4,47,1016.542
1941,2026-02-01 13:31:15,39.5,48,1016.476
1942,2026-02-01 13:36:15,39.3,47,1016.461
1943,2026-02-01 13:41:15,39.4,47,1016.486
1944,2026-02-01 13:46:15,39.4,47,1016.385
1945,2026-02-01 13:51:15,39.4,47,1016.226
1946,2026-02-01 13:56:15,39.2,48,1016.275
1947,2026-02-01 14:01:15,39.4,47,1016.178
1948,2026-02-01 14:06:15,39.4,47,1016.136
1949,2026-02-01 14:11:15,39.5,47,1016.061
1950,2026-02-01 14:16:15,39.5,47,1015.943
1951,2026-02-01 14:21:15,39.5,47,1015.902
1952,2026-02-01 14:26:15,39.7,47,1015.778
1953,2026-02-01 14:31:15,39.6,47,1015.839
1954,2026-02-01 14:36:15,39.6,47,1015.723
1955,2026-02-01 14:41:15,39.7,47,1015.624
1956,2026-02-01 14:46:15,39.7,47,1015.45
1957,2026-02-01 14:51:15,39.5,47,1015.35
1958,2026-02-01 14:56:15,39.7,46,1015.362
1959,2026-02-01 15:01:15,39.6,47,1015.234
1960,2026-02-01 15:06:15,39.6,47,1015.186
1961,2026-02-01 15:11:15,39.6,47,1015.124
1962,2026-02-01 15:16:15,39.4,47,1015.077
1963,2026-02-01 15:21:15,39.7,47,1015.004
1964,2026-02-01 15:26:15,39.7,47,1014.94
1965,2026-02-01 15:31:15,39.6,47,1014.769
1966,2026-02-01 15:36:15,39.8,47,1014.749
1967,2026-02-01 15:41:15,39.8,47,1014.764
1968,2026-02-01 15:46:15,39.8,47,1014.708
1969,2026-02-01 15:51:15,39.7,47,1014.677
1970,2026-02-01 15:56:15,40.1,46,1014.608
1971,2026-02-01 16:01:15,40.1,46,1014.558
1972,2026-02-01 16:06:15,40.2,47,1014.481
1973,2026-02-01 16:11:15,40.3,46,1014.366
1974,2026-02-01 16:16:15,40.4,46,1014.332
1975,2026-02-01 16:21:15,40.4,46,1014.254
1976,2026-02-01 16:26:15,40.1,47,1014.217
1977,2026-02-01 16:31:15,40.4,46,1014.175
1978,2026-02-01 16:36:15,40.0,47,1014.286
1979,2026-02-01 16:41:15,40.4,46,1014.342
1980,2026-02-01 16:46:15,40.5,46,1014.239
1981,2026-02-01 16:51:15,40.5,46,1014.341
1982,2026-02-01 16:56:15,39.9,47,1014.413
1983,2026-02-01 17:01:15,40.3,46,1014.397
1984,2026-02-01 17:06:15,40.3,46,1014.386
1985,2026-02-01 17:11:15,40.3,46,1014.426
1986,2026-02-01 17:16:15,40.2,46,1014.562
1987,2026-02-01 17:21:15,40.2,46,1014.504
1988,2026-02-01 17:26:15,40.3,46,1014.521
1989,2026-02-01 17:31:15,40.0,46,1014.435
1990,2026-02-01 17:36:15,39.7,47,1014.477
1991,2026-02-01 17:41:15,40.1,46,1014.379
1992,2026-02-01 17:46:15,40.2,46,1014.468
1993,2026-02-01 17:51:15,40.2,46,1014.451
1994,2026-02-01 17:56:15,39.8,47,1014.646
1995,2026-02-01 18:01:15,39.7,47,1014.56
1996,2026-02-01 18:06:15,40.0,46,1014.688
1997,2026-02-01 18:11:15,40.0,47,1014.74
1998,2026-02-01 18:16:15,40.0,46,1014.802
1999,2026-02-01 18:21:15,39.9,47,1014.67
2000,2026-02-01 18:26:15,40.0,46,1014.803
2001,2026-02-01 18:31:15,40.0,46,1014.89
2002,2026-02-01 18:36:15,39.9,47,1014.904
2003,2026-02-01 18:41:15,39.9,47,1014.88
2004,2026-02-01 18:46:15,40.0,47,1014.972
2005,2026-02-01 18:51:15,39.9,46,1015.017
2006,2026-02-01 18:56:15,39.9,47,1015.0
2007,2026-02-01 19:01:15,39.9,47,1014.96
2008,2026-02-01 19:06:15,39.9,46,1015.075
2009,2026-02-01 19:11:15,39.9,46,1015.225
2010,2026-02-01 19:16:15,39.9,46,1015.249
2011,2026-02-01 19:21:15,39.9,46,1015.326
2012,2026-02-01 19:26:15,39.8,47,1015.56
2013,2026-02-01 19:31:15,39.8,47,1015.582
2014,2026-02-01 19:36:15,39.8,47,1015.69
2015,2026-02-01 19:41:15,39.8,47,1015.843
2016,2026-02-01 19:46:15,39.7,47,1015.94
2017,2026-02-01 19:51:15,39.8,47,1016.08
2018,2026-02-01 19:56:15,39.8,47,1016.247
2019,2026-02-01 20:01:15,39.9,47,1016.338
2020,2026-02-01 20:06:15,39.8,47,1016.349
2021,2026-02-01 20:11:15,39.8,47,1016.495
2022,2026-02-01 20:16:15,39.8,48,1016.541
2023,2026-02-01 20:21:15,39.8,48,1016.616
2024,2026-02-01 20:26:15,39.7,48,1016.788
2025,2026-02-01 20:31:15,39.7,48,1016.738
2026,2026-02-01 20:36:15,39.6,48,1016.789
2027,2026-02-01 20:41:15,39.6,48,1016.897
2028,2026-02-01 20:46:15,39.7,48,1016.965
2029,2026-02-01 20:51:15,39.7,48,1017.065
2030,2026-02-01 20:56:15,39.8,48,1017.128
2031,2026-02-01 21:01:15,39.8,48,1017.113
2032,2026-02-01 21:06:15,39.7,48,1017.17
2033,2026-02-01 21:11:15,39.7,48,1017.279
2034,2026-02-01 21:16:15,39.6,48,1017.271
2035,2026-02-01 21:21:15,39.6,48,1017.324
2036,2026-02-01 21:26:15,39.4,48,1017.392
2037,2026-02-01 21:31:15,39.4,48,1017.531
2038,2026-02-01 21:36:15,39.5,48,1017.644
2039,2026-02-01 21:41:15,39.6,48,1017.704
2040,2026-02-01 21:46:15,39.6,48,1017.698
2041,2026-02-01 21:51:15,39.6,48,1017.745
2042,2026-02-01 21:56:15,39.6,48,1017.767
2043,2026-02-01 22:01:15,39.5,48,1017.845
2044,2026-02-01 22:06:15,39.5,49,1017.869
2045,2026-02-01 22:11:15,39.4,49,1018.014
2046,2026-02-01 22:16:15,39.6,49,1018.064
2047,2026-02-01 22:21:15,39.7,48,1018.088
2048,2026-02-01 22:26:15,39.7,48,1018.092
2049,2026-02-01 22:31:15,39.8,48,1018.228
2050,2026-02-01 22:36:15,39.7,48,1018.211
2051,2026-02-01 22:41:15,39.7,48,1018.21
2052,2026-02-01 22:46:15,39.6,48,1018.319
2053,2026-02-01 22:51:15,39.5,49,1018.313
2054,2026-02-01 22:56:15,39.6,48,1018.331
2055,2026-02-01 23:01:15,39.5,49,1018.302
2056,2026-02-01 23:06:15,39.5,49,1018.253
2057,2026-02-01 23:11:15,39.3,49,1018.22
2058,2026-02-01 23:16:15,39.3,49,1018.309
2059,2026-02-01 23:21:15,39.3,49,1018.383
2060,2026-02-01 23:26:15,39.3,49,1018.269
2061,2026-02-01 23:31:15,39.2,49,1018.23
2062,2026-02-01 23:36:15,39.2,49,1018.27
2063,2026-02-01 23:41:15,39.2,49,1018.163
2064,2026-02-01 23:46:15,39.2,49,1018.219
2065,2026-02-01 23:51:15,39.1,49,1018.146
2066,2026-02-01 23:56:15,39.1,49,1018.137
2067,2026-02-02 00:01:15,39.1,49,1018.176
2068,2026-02-02 00:06:15,39.1,49,1018.145
2069,2026-02-02 00:11:15,39.1,49,1018.045
2070,2026-02-02 00:16:15,39.0,49,1017.986
2071,2026-02-02 00:21:15,39.0,49,1017.915
2072,2026-02-02 00:26:15,39.1,49,1017.866
2073,2026-02-02 00:31:15,38.9,49,1017.922
2074,2026-02-02 00:36:15,38.5,50,1017.797
2075,2026-02-02 00:41:15,38.5,50,1017.752
2076,2026-02-02 00:46:15,38.3,51,1017.669
2077,2026-02-02 00:51:15,38.3,51,1017.642
2078,2026-02-02 00:56:15,38.4,51,1017.545
2079,2026-02-02 01:01:15,38.3,51,1017.621
2080,2026-02-02 01:06:15,38.3,51,1017.594
2081,2026-02-02 01:11:15,38.3,51,1017.546
2082,2026-02-02 01:16:15,38.4,51,1017.548
2083,2026-02-02 01:21:15,38.3,51,1017.36
2084,2026-02-02 01:26:15,38.3,51,1017.23
2085,2026-02-02 01:31:15,38.4,51,1017.113
2086,2026-02-02 01:36:15,38.3,51,1017.13
2087,2026-02-02 01:41:15,38.3,50,1017.019
2088,2026-02-02 01:46:15,38.4,50,1016.923
2089,2026-02-02 01:51:15,38.3,50,1016.857
2090,2026-02-02 01:56:15,38.3,50,1016.734
2091,2026-02-02 02:01:15,38.3,50,1016.722
2092,2026-02-02 02:06:15,38.3,50,1016.673
2093,2026-02-02 02:11:15,38.3,50,1016.621
2094,2026-02-02 02:16:15,38.2,50,1016.645
2095,2026-02-02 02:21:15,38.2,51,1016.602
2096,2026-02-02 02:26:15,38.3,51,1016.605
2097,2026-02-02 02:31:15,38.3,50,1016.533
2098,2026-02-02 02:36:15,38.3,51,1016.442
2099,2026-02-02 02:41:15,38.3,50,1016.348
2100,2026-02-02 02:46:15,38.2,51,1016.314
2101,2026-02-02 02:51:15,38.2,51,1016.27
2102,2026-02-02 02:56:15,38.3,50,1016.242
2103,2026-02-02 03:01:15,38.1,51,1016.178
2104,2026-02-02 03:06:15,38.1,51,1016.074
2105,2026-02-02 03:11:15,38.2,51,1016.08
2106,2026-02-02 03:16:15,38.1,51,1016.081
2107,2026-02-02 03:21:15,38.1,51,1016.046
2108,2026-02-02 03:26:15,38.1,51,1015.988
2109,2026-02-02 03:31:15,38.2,51,1015.884
2110,2026-02-02 03:36:15,38.2,50,1015.892
2111,2026-02-02 03:41:15,38.1,51,1015.896
2112,2026-02-02 03:46:15,38.1,51,1015.899
2113,2026-02-02 03:51:15,38.1,51,1015.964
2114,2026-02-02 03:56:15,38.0,51,1015.99
2115,2026-02-02 04:01:15,38.1,51,1015.925
2116,2026-02-02 04:06:15,38.0,51,1015.894
2117,2026-02-02 04:11:15,38.0,51,1015.854
2118,2026-02-02 04:16:15,38.1,51,1015.882
2119,2026-02-02 04:21:15,38.1,51,1015.898
2120,2026-02-02 04:26:15,38.1,51,1015.873
2121,2026-02-02 04:31:15,38.0,51,1015.874
2122,2026-02-02 04:36:15,38.1,51,1015.887
2123,2026-02-02 04:41:15,38.0,51,1015.833
2124,2026-02-02 04:46:15,38.0,51,1015.844
2125,2026-02-02 04:51:15,37.9,51,1015.98
2126,2026-02-02 04:56:15,38.1,51,1015.886
2127,2026-02-02 05:01:15,37.9,51,1015.858
2128,2026-02-02 05:06:15,38.0,51,1015.81
2129,2026-02-02 05:11:15,38.0,50,1015.788
2130,2026-02-02 05:16:15,37.9,51,1015.862
2131,2026-02-02 05:21:15,38.0,50,1015.984
2132,2026-02-02 05:26:15,37.9,51,1015.99
2133,2026-02-02 05:31:15,37.9,51,1016.043
2134,2026-02-02 05:36:15,37.9,51,1016.119
2135,2026-02-02 05:41:15,37.9,51,1016.065
2136,2026-02-02 05:46:15,38.0,50,1016.187
2137,2026-02-02 05:51:15,38.0,50,1016.193
2138,2026-02-02 05:56:15,37.9,51,1016.243
2139,2026-02-02 06:01:15,37.8,51,1016.192
2140,2026-02-02 06:06:15,38.0,50,1016.284
2141,2026-02-02 06:11:15,37.9,50,1016.194
2142,2026-02-02 06:16:15,37.9,50,1016.262
2143,2026-02-02 06:21:15,37.9,51,1016.325
2144,2026-02-02 06:26:15,37.8,51,1016.306
2145,2026-02-02 06:31:15,37.9,51,1016.306
2146,2026-02-02 06:36:15,37.8,51,1016.301
2147,2026-02-02 06:41:15,37.9,51,1016.271
2148,2026-02-02 06:46:15,37.9,51,1016.217
2149,2026-02-02 06:51:15,37.9,51,1016.222
2150,2026-02-02 06:56:15,37.9,51,1016.263
2151,2026-02-02 07:01:15,37.9,50,1016.19
2152,2026-02-02 07:06:15,37.6,51,1016.231
2153,2026-02-02 07:11:15,37.6,51,1016.308
2154,2026-02-02 07:16:15,37.6,51,1016.34
2155,2026-02-02 07:21:15,37.6,51,1016.416
2156,2026-02-02 07:26:15,37.5,51,1016.497
2157,2026-02-02 07:31:15,37.5,51,1016.581
2158,2026-02-02 07:36:15,37.5,51,1016.63
2159,2026-02-02 07:41:15,37.5,51,1016.72
2160,2026-02-02 07:46:15,37.5,51,1016.732
2161,2026-02-02 07:51:15,37.5,50,1016.764
2162,2026-02-02 07:56:15,37.5,50,1016.838
2163,2026-02-02 08:01:15,37.5,50,1016.965
2164,2026-02-02 08:06:15,37.5,50,1017.036
2165,2026-02-02 08:11:15,38.1,49,1017.13
2166,2026-02-02 08:16:15,38.1,49,1017.197
2167,2026-02-02 08:21:15,38.1,49,1017.37
2168,2026-02-02 08:26:15,38.1,49,1017.486
2169,2026-02-02 08:31:15,38.1,49,1017.579
2170,2026-02-02 08:36:15,38.1,49,1017.701
2171,2026-02-02 08:41:15,38.1,49,1017.842
2172,2026-02-02 08:46:15,38.1,49,1017.856
2173,2026-02-02 08:51:15,38.1,49,1017.949
2174,2026-02-02 08:56:15,38.1,49,1018.02
2175,2026-02-02 09:01:15,38.1,49,1017.987
2176,2026-02-02 09:06:15,38.1,49,1017.989
2177,2026-02-02 09:11:15,38.2,49,1017.997
2178,2026-02-02 09:16:15,38.3,49,1017.984
2179,2026-02-02 09:21:15,38.1,49,1018.028
2180,2026-02-02 09:26:15,38.3,48,1017.981
2181,2026-02-02 09:31:15,38.3,48,1018.038
2182,2026-02-02 09:36:15,38.3,48,1018.024
2183,2026-02-02 09:41:15,38.3,48,1018.084
2184,2026-02-02 09:46:15,38.3,48,1018.034
2185,2026-02-02 09:51:15,38.5,48,1018.042
2186,2026-02-02 09:56:15,38.5,48,1018.174
2187,2026-02-02 10:01:15,38.5,48,1018.061
2188,2026-02-02 10:06:15,38.3,47,1018.146
2189,2026-02-02 10:11:15,38.3,47,1018.074
2190,2026-02-02 10:16:15,38.4,47,1018.149
2191,2026-02-02 10:21:15,38.5,47,1018.204
2192,2026-02-02 10:26:15,38.5,47,1018.158
2193,2026-02-02 10:31:15,38.5,47,1018.206
2194,2026-02-02 10:36:15,38.5,47,1018.149
2195,2026-02-02 10:41:15,38.5,47,1018.128
2196,2026-02-02 10:46:15,38.5,47,1018.203
